game,team,difficulty,formation,lineup
Bucaspor vs. Besiktas - Saturday August 14 - 2010,Besiktas,easy,4-2-3-1,ARIKAN;FERRARI;ZAPOTOCNY;UZULMEZ;GUVEN;ERNST;UYSAL;GUTI;QUARESMA;BOBO;KAHVECI
Bucaspor vs. Besiktas - Saturday August 14 - 2010,Bucaspor,hard,4-5-1,FERNANDES;AK;BAHTIYAROGLU;MULEMO;BASDAG;DAGASAN;LEKO;TUNCER;TASKIRAN;AYDIN;AKTAS
Eskisehirspor vs. Genclerbirligi - Saturday August 14 - 2010,Eskisehirspor,hard,4-4-2,IVESA;COSKUN;NADAREVIC;YAMAN;ARSLAN;PELE;KAYA;OZTURK;ESER;KARADENIZ;JOHN
Eskisehirspor vs. Genclerbirligi - Saturday August 14 - 2010,Genclerbirligi,hard,4-2-3-1,KULBILGE;BOZ;KALKAN;KULUSIC;CURRI;CAN;CUBUKCU;DELIBALTA;HARBUZI;ZEC;MERIC
Gaziantepspor vs. Kasimpasa - Saturday August 14 - 2010,Gaziantepspor,hard,4-4-2,KARCEMARSKAS;AYHAN;GUNGOR;IVAN;KURTULUS;ZURITA;OZGUR;JORGINHO;ADIN;CESAR;YILMAZ
Gaziantepspor vs. Kasimpasa - Saturday August 14 - 2010,Kasimpasa,hard,4-5-1,OZGEN;LUIZ HENRIQUE;ONER;ACIL;KAPLAN;VARELA;KELLER;KURTULUS;AYGUNES;DIMITROV;MARTIN
Sivasspor vs. Galatasaray - Saturday August 14 - 2010,Galatasaray,easy,4-3-3,ERCETIN;CETIN;NEILL;TURAN;BALTA;SARP;CANA;AKMAN;COLAK;KEWELL;TURAN
Sivasspor vs. Galatasaray - Saturday August 14 - 2010,Sivasspor,hard,4-5-1,RAMOVIC;BAYRAK;IVANOVS;YERLIKAYA;DERELI;BEKMEZCI;MBANANGOYE;NAS;ERIS;YILMAZ;YILDIZ
Ankaragucu vs. Trabzonspor - Sunday August 15 - 2010,Ankaragucu,hard,4-2-3-1,ONGUN;RAJNOCH;TOSCALI;ZEWLAKOW;GUCER;KOCAK;DURUER;VAROL;SAPARA;MEYE;SESTAK
Ankaragucu vs. Trabzonspor - Sunday August 15 - 2010,Trabzonspor,easy,4-3-3,KIVRAK;GLOWACKI;KORKMAZ;CALE;BALCI;GULSELAM;COLMAN;INAN;ALANZINHO;YILMAZ;GUTIERREZ
Fenerbahce vs. Antalyaspor - Sunday August 15 - 2010,Antalyaspor,hard,4-5-1,KESER;RADELJIC;UZUMCU;BARIS;OZKAYNAK;SEKMAN;ARSLAN;PROMENT;TITA;ZITOUNI;ATES
Fenerbahce vs. Antalyaspor - Sunday August 15 - 2010,Fenerbahce,easy,4-2-3-1,DEMIREL;FABIO BILICA;LUGANO;SANTOS;GONUL;BELOZOGLU;CRISTIAN;TOPUZ;ALEX;STOCH;SENTURK
Kardemir Dc Karabukspor vs. Manisaspor - Sunday August 15 - 2010,Kardemir Dc Karabukspor,hard,4-5-1,TOMIC;COGUM;DEUMI;SERIC;ZENGIN;TOZO;HIKMET;AKIN;CEYLAN;CERNAT;EMENIKE
Kardemir Dc Karabukspor vs. Manisaspor - Sunday August 15 - 2010,Manisaspor,hard,4-5-1,AVCIBAY;OZSARAC;TOK;MOMHA;BARIS;CALISKAN;INCEDEMIR;SIMPSON;EMRECIKSIN;DICA;KAHE
Bursaspor vs. Konyaspor - Monday August 16 - 2010,Bursaspor,hard,4-2-3-1,IVANKOV;ERDOGAN;STEPANOV;WEDERSON;TANDOGAN;CIMSIR;ERGIC;NUNEZ;SEN;IPEK;BAHADIR
Bursaspor vs. Konyaspor - Monday August 16 - 2010,Konyaspor,hard,4-5-1,TOKGOZ;KERE;YAVUZ;ABBAS;ASLANTAS;TORAMAN;GUNGOR;EGE;ACAR;GRAJCIAR;DOCKAL
Buyuksehir Belediyespor vs. Kayserispor - Monday August 16 - 2010,Buyuksehir Belediyespor,hard,4-3-3,HASAGIC;DEPE;YILMAZ;EKSIOGLU;HASPOLATLI;TEKDEMIR;HOLMEN;KORKMAZ;AKIN;ALIN;KOSE
Buyuksehir Belediyespor vs. Kayserispor - Monday August 16 - 2010,Kayserispor,hard,4-4-2,HAMIDOU;ALEKSANDRE AMISULASHVILI;CAKIR;KESIMAL;KALDIRIM;DURAK;TEBER;ANDRE MORITZ;TROISI;BOYRAZ;CANGELE
Kayserispor vs. Kardemir Dc Karabukspor - Friday August 20 - 2010,Kardemir Dc Karabukspor,hard,4-5-1,TOMIC;COGUM;DEUMI;SERIC;ZENGIN;TOZO;HIKMET;AKIN;CEYLAN;CERNAT;EMENIKE
Kayserispor vs. Kardemir Dc Karabukspor - Friday August 20 - 2010,Kayserispor,hard,4-4-2,HAMIDOU;ALEKSANDRE AMISULASHVILI;CAKIR;KESIMAL;KALDIRIM;DURAK;TEBER;ANDRE MORITZ;TROISI;BOYRAZ;CANGELE
Konyaspor vs. Eskisehirspor - Friday August 20 - 2010,Eskisehirspor,hard,4-2-3-1,IVESA;COSKUN;NADAREVIC;YAMAN;ARSLAN;PELE;KAYA;OZTURK;TELLO;ZENGIN;JOHN
Konyaspor vs. Eskisehirspor - Friday August 20 - 2010,Konyaspor,hard,4-4-2,TOKGOZ;KERE;YAVUZ;ABBAS;GUNGOR;TORAMAN;EGE;GRAJCIAR;DOCKAL;LIETAVA;YAGMUR
Antalyaspor vs. Sivasspor - Saturday August 21 - 2010,Antalyaspor,hard,4-4-2,KESER;BARIS;RADELJIC;TUNCER;SEKMAN;ARSLAN;PROMENT;TITA;ZITOUNI;ATES;DJIEHOUA
Antalyaspor vs. Sivasspor - Saturday August 21 - 2010,Sivasspor,hard,4-2-3-1,RAMOVIC;BAYRAK;IVANOVS;DERELI;BEKMEZCI;BIKMAZ;MBANANGOYE;NAS;ERIS;YILMAZ;YILDIZ
Besiktas vs. Buyuksehir Belediyespor - Saturday August 21 - 2010,Besiktas,easy,4-2-3-1,GONEN;FERRARI;GULUM;UZULMEZ;HILBERT;GUVEN;ERNST;DELGADO;QUARESMA;HOLOSKO;KAHVECI
Besiktas vs. Buyuksehir Belediyespor - Saturday August 21 - 2010,Buyuksehir Belediyespor,hard,4-2-3-1,HASAGIC;DEPE;YILMAZ;EKSIOGLU;SAHIN;TEKDEMIR;KORKMAZ;HOLMEN;AKIN;KOSE;ALIN
Galatasaray vs. Bursaspor - Sunday August 22 - 2010,Bursaspor,hard,4-5-1,IVANKOV;ERDOGAN;STEPANOV;WEDERSON;TANDOGAN;CIMSIR;ERGIC;BATALLA;SEN;IPEK;YILDIRIM
Galatasaray vs. Bursaspor - Sunday August 22 - 2010,Galatasaray,easy,4-3-3,CEYLAN;CETIN;NEILL;TURAN;SARIOGLU;SARP;OZBEK;AKMAN;KEWELL;TURAN;BAROS
Genclerbirligi vs. Gaziantepspor - Sunday August 22 - 2010,Gaziantepspor,hard,4-5-1,KARCEMARSKAS;AYHAN;GUNGOR;SUME;IVAN;KURTULUS;ZURITA;JORGINHO;ARI;ADIN;YILMAZ
Genclerbirligi vs. Gaziantepspor - Sunday August 22 - 2010,Genclerbirligi,hard,4-5-1,KULBILGE;BOZ;CURRI;KALKAN;SAM;CAN;JEDINAK;HARBUZI;ZEC;MERIC;CALIK
Manisaspor vs. Ankaragucu - Sunday August 22 - 2010,Ankaragucu,hard,4-4-2,ONGUN;TOSCALI;ZEWLAKOW;KLUKOWSKI;CEK;UCAR;GUCER;VAROL;SAPARA;AKAN;SESTAK
Manisaspor vs. Ankaragucu - Sunday August 22 - 2010,Manisaspor,hard,4-3-3,AVCIBAY;DIXON;OZSARAC;MOMHA;BARIS;CALISKAN;INCEDEMIR;OZGUR;PROMISE;EMRECIKSIN;KAHE
Kasimpasa vs. Bucaspor - Monday August 23 - 2010,Bucaspor,hard,4-4-2,FERNANDES;AK;COLGECEN;TOMAS;MULEMO;BASDAG;LEKO;DAGASAN;TASKIRAN;MANUCHO;MENDY
Kasimpasa vs. Bucaspor - Monday August 23 - 2010,Kasimpasa,hard,4-5-1,OZGEN;LUIZ HENRIQUE;ONER;ACIL;KAPLAN;VARELA;KELLER;KURTULUS;AYGUNES;DIMITROV;MARTIN
Trabzonspor vs. Fenerbahce - Monday August 23 - 2010,Fenerbahce,easy,4-4-2,GUNOK;FABIO BILICA;LUGANO;SANTOS;GONUL;CRISTIAN;BELOZOGLU;TOPUZ;HURMACI;NIANG;SENTURK
Trabzonspor vs. Fenerbahce - Monday August 23 - 2010,Trabzonspor,easy,4-3-3,KIVRAK;GLOWACKI;KORKMAZ;CALE;BALCI;GULSELAM;INAN;COLMAN;ALANZINHO;YATTARA;GUTIERREZ
Ankaragucu vs. Kayserispor - Friday August 27 - 2010,Ankaragucu,hard,4-5-1,ONGUN;RAJNOCH;TOSCALI;ZEWLAKOW;CEK;KLUKOWSKI;UCAR;GUCER;VAROL;SAPARA;AKAN
Ankaragucu vs. Kayserispor - Friday August 27 - 2010,Kayserispor,hard,4-2-3-1,HAMIDOU;ALEKSANDRE AMISULASHVILI;KESIMAL;TURACI;KALDIRIM;SANTANA;TEBER;ANDRE MORITZ;TROISI;BOYRAZ;CANGELE
Gaziantepspor vs. Konyaspor - Friday August 27 - 2010,Gaziantepspor,hard,4-4-2,KARCEMARSKAS;AYHAN;GUNGOR;SUME;IVAN;KURTULUS;CEYLAN;ADIN;CESAR;SOSA;YILMAZ
Gaziantepspor vs. Konyaspor - Friday August 27 - 2010,Konyaspor,hard,4-5-1,TOKGOZ;KERE;YAVUZ;ABBAS;ASLANTAS;GUNGOR;TORAMAN;ACAR;DOCKAL;MONTANO;LIETAVA
Bucaspor vs. Genclerbirligi - Saturday August 28 - 2010,Bucaspor,hard,4-4-2,FERNANDES;AK;COLGECEN;TOMAS;MULEMO;LEKO;DAGASAN;TASKIRAN;AYDIN;MANUCHO;MENDY
Bucaspor vs. Genclerbirligi - Saturday August 28 - 2010,Genclerbirligi,hard,4-5-1,KULBILGE;CURRI;DEMIR;KALKAN;SAM;CAN;JEDINAK;HARBUZI;DELIBALTA;ZEC;MEHMET
Buyuksehir Belediyespor vs. Kasimpasa - Saturday August 28 - 2010,Buyuksehir Belediyespor,hard,4-4-2,HASAGIC;DEPE;EKSIOGLU;SUZEN;SAHIN;TEKDEMIR;HOLMEN;KORKMAZ;AKIN;ALIN;KOSE
Buyuksehir Belediyespor vs. Kasimpasa - Saturday August 28 - 2010,Kasimpasa,hard,4-4-2,SAHIN;LUIZ HENRIQUE;ONER;ACIL;KAPLAN;VARELA;KELLER;KURTULUS;AYGUNES;DIMITROV;MARTIN
Sivasspor vs. Bursaspor - Saturday August 28 - 2010,Bursaspor,hard,4-2-3-1,IVANKOV;ERDOGAN;STEPANOV;WEDERSON;TANDOGAN;CIMSIR;ERGIC;BATALLA;NUNEZ;IPEK;SEN
Sivasspor vs. Bursaspor - Saturday August 28 - 2010,Sivasspor,hard,4-2-3-1,RAMOVIC;BAYRAK;IVANOVS;DERELI;BEKMEZCI;BIKMAZ;MBANANGOYE;NAS;ERIS;YILMAZ;YILDIZ
Eskisehirspor vs. Galatasaray - Sunday August 29 - 2010,Eskisehirspor,hard,4-5-1,IVESA;COSKUN;VUCKO;YAMAN;ARSLAN;PELE;KAYA;OZTURK;TELLO;ESER;KARADENIZ
Eskisehirspor vs. Galatasaray - Sunday August 29 - 2010,Galatasaray,easy,4-3-3,CEYLAN;CETIN;NEILL;TURAN;KURTULUS;SARP;AKMAN;OZBEK;ELANO;TURAN;BAROS
Fenerbahce vs. Manisaspor - Sunday August 29 - 2010,Fenerbahce,easy,4-5-1,GUNOK;FABIO BILICA;LUGANO;ERKIN;ALKAN;BELOZOGLU;CRISTIAN;TOPUZ;ALEX;STOCH;NIANG
Fenerbahce vs. Manisaspor - Sunday August 29 - 2010,Manisaspor,hard,4-5-1,AVCIBAY;DIXON;TOK;AYDIN;COKMUS;CALISKAN;YILMAZ;GUVEN;SIMPSON;PROMISE;EMRECIKSIN
Kardemir Dc Karabukspor vs. Besiktas - Sunday August 29 - 2010,Besiktas,easy,4-5-1,GONEN;TORAMAN;ZAPOTOCNY;UZULMEZ;DAG;ERNST;UYSAL;GUTI;TABATA;QUARESMA;NOBRE
Kardemir Dc Karabukspor vs. Besiktas - Sunday August 29 - 2010,Kardemir Dc Karabukspor,hard,4-4-1-1,TOMIC;COGUM;DEUMI;SERIC;ZENGIN;TOZO;HIKMET;AKIN;CEYLAN;CERNAT;EMENIKE
Antalyaspor vs. Trabzonspor - Monday August 30 - 2010,Antalyaspor,hard,4-3-3,NDJOCK;BARIS;RADELJIC;TUNCER;SEKMAN;ARSLAN;PROMENT;SERAS;TITA;ATES;DJIEHOUA
Antalyaspor vs. Trabzonspor - Monday August 30 - 2010,Trabzonspor,easy,4-2-3-1,KIVRAK;KACAR;KORKMAZ;CALE;BALCI;INAN;COLMAN;ALANZINHO;YATTARA;JAJA;BULUT
Bursaspor vs. Eskisehirspor - Friday September 10 - 2010,Bursaspor,hard,4-2-3-1,IVANKOV;OZTURK;STEPANOV;WEDERSON;TANDOGAN;CIMSIR;ERGIC;INSUA;IPEK;SEN;YILDIRIM
Bursaspor vs. Eskisehirspor - Friday September 10 - 2010,Eskisehirspor,hard,4-5-1,KOCA;COSKUN;VUCKO;YAMAN;ARSLAN;ERTUGRUL;PELE;KAYA;OZTURK;TELLO;JOHN
Besiktas vs. Ankaragucu - Saturday September 11 - 2010,Ankaragucu,hard,4-5-1,ONGUN;RAJNOCH;TOSCALI;KLUKOWSKI;UCAR;GUCER;DURUER;VAROL;SAPARA;CAKIR;MEYE
Besiktas vs. Ankaragucu - Saturday September 11 - 2010,Besiktas,easy,4-4-2,GONEN;FERRARI;TORAMAN;DAG;ERNST;UYSAL;GUTI;KOYBASI;BOBO;KAHVECI;NOBRE
Kayserispor vs. Fenerbahce - Saturday September 11 - 2010,Fenerbahce,easy,4-2-3-1,DEMIREL;LUGANO;YOBO;ERKIN;ALKAN;BELOZOGLU;CRISTIAN;TOPUZ;ALEX;STOCH;NIANG
Kayserispor vs. Fenerbahce - Saturday September 11 - 2010,Kayserispor,hard,4-2-3-1,HAMIDOU;ALEKSANDRE AMISULASHVILI;CAKIR;KESIMAL;KALDIRIM;OZCAL;TEBER;SANTANA;TROISI;CANGELE;OZGEN
Konyaspor vs. Bucaspor - Saturday September 11 - 2010,Bucaspor,hard,4-3-3,FERNANDES;AK;COLGECEN;TOMAS;MULEMO;BASDAG;LEKO;DAGASAN;AYDIN;MANUCHO;MENDY
Konyaspor vs. Bucaspor - Saturday September 11 - 2010,Konyaspor,hard,4-4-2,TOKGOZ;KERE;YAVUZ;ABBAS;GUNGOR;TORAMAN;ACAR;MONTANO;GRAJCIAR;THIERRY FIDJEU TAZEMETA;LIETAVA
Manisaspor vs. Antalyaspor - Saturday September 11 - 2010,Antalyaspor,hard,4-3-3,NDJOCK;BARIS;RADELJIC;TUNCER;SEKMAN;PROMENT;SERAS;INCEMAN;TITA;ATES;DJIEHOUA
Manisaspor vs. Antalyaspor - Saturday September 11 - 2010,Manisaspor,hard,4-3-3,AVCIBAY;GABRIEL;OZSARAC;AYDIN;COKMUS;CALISKAN;ERDOGAN;YILMAZ;EMRECIKSIN;PROMISE;MAKUKULA
Galatasaray vs. Gaziantepspor - Monday September 13 - 2010,Galatasaray,easy,4-3-3,CEYLAN;CETIN;NEILL;TURAN;INSUA;SARP;AKMAN;ELANO;MISIMOVIC;KEWELL;BAROS
Galatasaray vs. Gaziantepspor - Monday September 13 - 2010,Gaziantepspor,hard,4-4-2,KARCEMARSKAS;AYHAN;GUNGOR;SUME;IVAN;KURTULUS;ZURITA;POPOV;ADIN;CESAR;BETO
Genclerbirligi vs. Buyuksehir Belediyespor - Monday September 13 - 2010,Buyuksehir Belediyespor,hard,4-3-3,HASAGIC;DEPE;EKSIOGLU;SUZEN;SAHIN;HASPOLATLI;TEKDEMIR;HOLMEN;AKIN;ALIN;KOSE
Genclerbirligi vs. Buyuksehir Belediyespor - Monday September 13 - 2010,Genclerbirligi,hard,4-3-3,KULBILGE;BOZ;CURRI;DEMIR;SAM;CAN;JEDINAK;HARBUZI;ZEC;MEHMET;SMELTZ
Kasimpasa vs. Kardemir Dc Karabukspor - Monday September 13 - 2010,Kardemir Dc Karabukspor,hard,4-5-1,TOMIC;DEUMI;OZDIN;SERIC;ZENGIN;SOYLER;TOZO;HIKMET;AKIN;CERNAT;EMENIKE
Kasimpasa vs. Kardemir Dc Karabukspor - Monday September 13 - 2010,Kasimpasa,hard,4-4-2,SAHIN;LUIZ HENRIQUE;ACIL;KAPLAN;TJIKUZU;VARELA;KELLER;KURTULUS;DIMITROV;BEBBE;GULEC
Trabzonspor vs. Sivasspor - Monday September 13 - 2010,Sivasspor,hard,4-5-1,RAMOVIC;BAYRAK;IVANOVS;DERELI;KAVUK;BIKMAZ;BEKMEZCI;NAS;ERIS;YILMAZ;YILDIZ
Trabzonspor vs. Sivasspor - Monday September 13 - 2010,Trabzonspor,easy,4-4-2,KIVRAK;KACAR;KORKMAZ;OZTORUN;BALCI;COLMAN;INAN;YATTARA;JAJA;BULUT;GUTIERREZ
Trabzonspor vs. Manisaspor - Friday September 17 - 2010,Manisaspor,hard,4-3-3,AVCIBAY;DIXON;KALABANE;AYDIN;BARIS;INCEDEMIR;ERDOGAN;GUVEN;SIMPSON;PROMISE;MAKUKULA
Trabzonspor vs. Manisaspor - Friday September 17 - 2010,Trabzonspor,easy,4-4-2,KIVRAK;KACAR;KORKMAZ;OZTORUN;BALCI;COLMAN;INAN;YATTARA;JAJA;BULUT;GUTIERREZ
Ankaragucu vs. Kasimpasa - Saturday September 18 - 2010,Ankaragucu,hard,4-2-3-1,ONGUN;RAJNOCH;YOLDAS;KLUKOWSKI;KOCAK;VAROL;SAPARA;WEEKS;GABRIC;AKAN;VITTEK
Ankaragucu vs. Kasimpasa - Saturday September 18 - 2010,Kasimpasa,hard,4-4-2,SAHIN;LUIZ HENRIQUE;BASDAS;KAPLAN;TJIKUZU;VARELA;KELLER;KURTULUS;DIMITROV;BEBBE;GULEC
Antalyaspor vs. Kayserispor - Saturday September 18 - 2010,Antalyaspor,hard,4-3-3,NDJOCK;BARIS;RADELJIC;TUNCER;SEKMAN;AGCAY;SERAS;INCEMAN;TITA;ATES;DJIEHOUA
Antalyaspor vs. Kayserispor - Saturday September 18 - 2010,Kayserispor,hard,4-2-3-1,HAMIDOU;ALEKSANDRE AMISULASHVILI;KESIMAL;TURACI;KALDIRIM;SANTANA;TEBER;ANDRE MORITZ;TROISI;BOYRAZ;ZALAYETA
Bucaspor vs. Galatasaray - Saturday September 18 - 2010,Bucaspor,hard,4-4-2,FERNANDES;AK;COLGECEN;TOMAS;MULEMO;BASDAG;LEKO;DAGASAN;TASKIRAN;MANUCHO;MENDY
Bucaspor vs. Galatasaray - Saturday September 18 - 2010,Galatasaray,easy,4-3-3,CEYLAN;CETIN;NEILL;INSUA;KURTULUS;SARP;AKMAN;MISIMOVIC;KEWELL;PINO;BAROS
Sivasspor vs. Eskisehirspor - Saturday September 18 - 2010,Eskisehirspor,hard,4-2-3-1,KOCA;COSKUN;NADAREVIC;VUCKO;YAMAN;ERTUGRUL;OZTURK;POTUK;TELLO;ZENGIN;JOHN
Sivasspor vs. Eskisehirspor - Saturday September 18 - 2010,Sivasspor,hard,4-2-3-1,RAMOVIC;DIALLO;IVANOVS;SOZGELMEZ;DERELI;BEKMEZCI;KEITA;NAS;ERIS;YILMAZ;YILDIZ
Buyuksehir Belediyespor vs. Konyaspor - Sunday September 19 - 2010,Buyuksehir Belediyespor,hard,4-3-3,HASAGIC;ARAT;DEPE;EKSIOGLU;SUZEN;SAHIN;TEKDEMIR;HOLMEN;AKIN;ALIN;TUM
Buyuksehir Belediyespor vs. Konyaspor - Sunday September 19 - 2010,Konyaspor,hard,4-5-1,TOKGOZ;KERE;YAVUZ;ABBAS;ASLANTAS;GUNGOR;TORAMAN;GRAJCIAR;MONTANO;DOCKAL;THIERRY FIDJEU TAZEMETA
Fenerbahce vs. Besiktas - Sunday September 19 - 2010,Besiktas,easy,4-5-1,ARIKAN;TORAMAN;ZAPOTOCNY;DAG;ERNST;MEHMET AURELIO;GUTI;KOYBASI;QUARESMA;KAHVECI;NOBRE
Fenerbahce vs. Besiktas - Sunday September 19 - 2010,Fenerbahce,easy,4-5-1,DEMIREL;FABIO BILICA;LUGANO;SANTOS;GONUL;SAHIN;BELOZOGLU;TOPUZ;ALEX;DIA;NIANG
Kardemir Dc Karabukspor vs. Genclerbirligi - Sunday September 19 - 2010,Genclerbirligi,hard,4-3-3,KULBILGE;BOZ;CURRI;DEMIR;SAM;CAN;JEDINAK;HARBUZI;ZEC;MEHMET;SMELTZ
Kardemir Dc Karabukspor vs. Genclerbirligi - Sunday September 19 - 2010,Kardemir Dc Karabukspor,hard,4-5-1,TOMIC;DEUMI;OZDIN;SERIC;ZENGIN;SOYLER;HIKMET;AKIN;OZMERT;CERNAT;EMENIKE
Bursaspor vs. Bucaspor - Friday September 24 - 2010,Bucaspor,hard,4-4-2,FERNANDES;BAHTIYAROGLU;COLGECEN;TOMAS;MULEMO;DAGASAN;LEKO;TASKIRAN;AYDIN;AKTAS;MANUCHO
Bursaspor vs. Bucaspor - Friday September 24 - 2010,Bursaspor,hard,4-2-3-1,OZKAN;ERDOGAN;OZTURK;WEDERSON;TANDOGAN;CIMSIR;HAS;IPEK;NUNEZ;BAHADIR;STEINERT
Besiktas vs. Antalyaspor - Saturday September 25 - 2010,Antalyaspor,hard,4-3-3,NDJOCK;RADELJIC;BARIS;TUNCER;SEKMAN;SERAS;ARSLAN;AGCAY;TITA;DJIEHOUA;ATES
Besiktas vs. Antalyaspor - Saturday September 25 - 2010,Besiktas,easy,4-5-1,ARIKAN;TORAMAN;ZAPOTOCNY;UZULMEZ;HILBERT;UYSAL;ERNST;MEHMET AURELIO;TABATA;QUARESMA;BOBO
Eskisehirspor vs. Gaziantepspor - Saturday September 25 - 2010,Eskisehirspor,hard,4-4-2,KOCA;COSKUN;NADAREVIC;VUCKO;YAMAN;ARSLAN;ERTUGRUL;PELE;OZTURK;KARADENIZ;SARI
Eskisehirspor vs. Gaziantepspor - Saturday September 25 - 2010,Gaziantepspor,hard,4-4-2,KARCEMARSKAS;AYHAN;GUNGOR;SUME;IVAN;KURTULUS;ZURITA;POPOV;ADIN;CESAR;YILMAZ
Genclerbirligi vs. Ankaragucu - Saturday September 25 - 2010,Ankaragucu,hard,4-4-2,ONGUN;RAJNOCH;YOLDAS;KLUKOWSKI;CEK;KOCAK;VAROL;SAPARA;WEEKS;MEYE;VITTEK
Genclerbirligi vs. Ankaragucu - Saturday September 25 - 2010,Genclerbirligi,hard,4-4-2,KULBILGE;DEMIR;KULUSIC;KALKAN;CAN;SAM;JEDINAK;DELIBALTA;CALIK;SMELTZ;TAMBWE
Galatasaray vs. Buyuksehir Belediyespor - Sunday September 26 - 2010,Buyuksehir Belediyespor,hard,4-4-2,HASAGIC;ARAT;DEPE;EKSIOGLU;SUZEN;SAHIN;TEKDEMIR;HOLMEN;AKIN;ALIN;TUM
Galatasaray vs. Buyuksehir Belediyespor - Sunday September 26 - 2010,Galatasaray,easy,4-3-3,CEYLAN;CETIN;NEILL;INSUA;KURTULUS;CANA;AKMAN;MISIMOVIC;YILMAZ;PINO;BAROS
Kayserispor vs. Trabzonspor - Sunday September 26 - 2010,Kayserispor,hard,4-2-3-1,HAMIDOU;ALEKSANDRE AMISULASHVILI;KESIMAL;TURACI;KALDIRIM;OZCAL;SANTANA;TEBER;TROISI;BOYRAZ;ZALAYETA
Kayserispor vs. Trabzonspor - Sunday September 26 - 2010,Trabzonspor,easy,4-2-3-1,KIVRAK;KACAR;KORKMAZ;CALE;BALCI;COLMAN;INAN;BAYTAR;ALANZINHO;YILMAZ;GUTIERREZ
Konyaspor vs. Kardemir Dc Karabukspor - Sunday September 26 - 2010,Kardemir Dc Karabukspor,hard,4-5-1,TOMIC;DEUMI;OZDIN;SERIC;AKTURK;ZENGIN;SOYLER;HIKMET;OZMERT;CERNAT;EMENIKE
Konyaspor vs. Kardemir Dc Karabukspor - Sunday September 26 - 2010,Konyaspor,hard,4-5-1,TOKGOZ;KERE;YAVUZ;ASLANTAS;EREN;GUNGOR;SYLLA;TORAMAN;GRAJCIAR;MONTANO;LIETAVA
Manisaspor vs. Sivasspor - Sunday September 26 - 2010,Manisaspor,hard,4-3-3,AVCIBAY;DIXON;KALABANE;AYDIN;BARIS;INCEDEMIR;ERDOGAN;GUVEN;SIMPSON;PROMISE;MAKUKULA
Manisaspor vs. Sivasspor - Sunday September 26 - 2010,Sivasspor,hard,4-1-4-1,RAMOVIC;DIALLO;IVANOVS;SOZGELMEZ;YERLIKAYA;SAIDOU;KEITA;NAS;ERIS;YILMAZ;YILDIZ
Kasimpasa vs. Fenerbahce - Monday September 27 - 2010,Fenerbahce,easy,4-2-3-1,DEMIREL;FABIO BILICA;LUGANO;SANTOS;GONUL;SAHIN;BELOZOGLU;TOPUZ;ALEX;DIA;NIANG
Kasimpasa vs. Fenerbahce - Monday September 27 - 2010,Kasimpasa,hard,4-4-2,SAHIN;BASDAS;ONER;TEBER;KELLER;SARMOV;KURTULUS;AYGUNES;COLAK;KALA;MARTIN
Bucaspor vs. Eskisehirspor - Friday October 1 - 2010,Bucaspor,hard,4-4-2,FERNANDES;BAHTIYAROGLU;TOMAS;MULEMO;BASDAG;DAGASAN;TASKIRAN;AYDIN;MANUCHO;DAHMANE;MENDY
Bucaspor vs. Eskisehirspor - Friday October 1 - 2010,Eskisehirspor,hard,4-5-1,KOCA;COSKUN;NADAREVIC;VUCKO;YAMAN;ARSLAN;ERTUGRUL;PELE;OZTURK;KOCABEY;KARADENIZ
Kardemir Dc Karabukspor vs. Galatasaray - Friday October 1 - 2010,Galatasaray,easy,4-3-3,CEYLAN;NEILL;ZAN;INSUA;KURTULUS;CANA;OZBEK;AKMAN;MISIMOVIC;KEWELL;PINO
Kardemir Dc Karabukspor vs. Galatasaray - Friday October 1 - 2010,Kardemir Dc Karabukspor,hard,4-5-1,TOMIC;DEUMI;OZDIN;SERIC;ZENGIN;SOYLER;TOZO;OZMERT;CERNAT;AVCI;EMENIKE
Ankaragucu vs. Konyaspor - Saturday October 2 - 2010,Ankaragucu,hard,4-4-2,ONGUN;RAJNOCH;ZEWLAKOW;KLUKOWSKI;CEK;UCAR;KOCAK;VAROL;SAPARA;AKAN;SESTAK
Ankaragucu vs. Konyaspor - Saturday October 2 - 2010,Konyaspor,hard,4-5-1,TOKGOZ;KERE;KLEIN;YAVUZ;ASLANTAS;EREN;GUNGOR;KARADUMAN;DOCKAL;GRAJCIAR;LIETAVA
Fenerbahce vs. Genclerbirligi - Saturday October 2 - 2010,Fenerbahce,easy,4-2-3-1,DEMIREL;LUGANO;YOBO;ERKIN;GONUL;SAHIN;BELOZOGLU;TOPUZ;ALEX;DIA;NIANG
Fenerbahce vs. Genclerbirligi - Saturday October 2 - 2010,Genclerbirligi,hard,4-4-2,KARABULUT;DEMIR;KULUSIC;KALKAN;CAN;SAM;JEDINAK;DELIBALTA;CALIK;SMELTZ;TAMBWE
Manisaspor vs. Kayserispor - Saturday October 2 - 2010,Kayserispor,hard,4-3-3,HAMIDOU;TURACI;KESIMAL;ALEKSANDRE AMISULASHVILI;KALDIRIM;SANTANA;TEBER;ANDRE MORITZ;BOYRAZ;SISMANOGLU;ZALAYETA
Manisaspor vs. Kayserispor - Saturday October 2 - 2010,Manisaspor,hard,4-4-2,AVCIBAY;DIXON;KALABANE;AYDIN;INCEDEMIR;ERDOGAN;GUVEN;SIMPSON;GOKOGLAN;PROMISE;MAKUKULA
Antalyaspor vs. Kasimpasa - Sunday October 3 - 2010,Antalyaspor,hard,4-3-3,NDJOCK;RADELJIC;BARIS;TUNCER;SEKMAN;SERAS;AGCAY;INCEMAN;TITA;ZITOUNI;CIHAN
Antalyaspor vs. Kasimpasa - Sunday October 3 - 2010,Kasimpasa,hard,4-3-3,OZBIR;BASDAS;LUIZ HENRIQUE;ACIL;TEBER;TJIKUZU;SARMOV;KURTULUS;KALA;BEBBE;MARTIN
Buyuksehir Belediyespor vs. Bursaspor - Sunday October 3 - 2010,Bursaspor,hard,4-2-3-1,IVANKOV;ERDOGAN;OZTURK;WEDERSON;KECELI;CIMSIR;HAS;INSUA;IPEK;SEN;BAHADIR
Buyuksehir Belediyespor vs. Bursaspor - Sunday October 3 - 2010,Buyuksehir Belediyespor,hard,4-4-2,HASAGIC;AKYUZ;ARAT;EKSIOGLU;SUZEN;KUS;TEKDEMIR;HOLMEN;AKIN;KOSE;TUM
Sivasspor vs. Gaziantepspor - Sunday October 3 - 2010,Gaziantepspor,hard,4-2-3-1,BEZGIN;AYHAN;SUME;IVAN;CAN;KURTULUS;ZURITA;POPOV;ADIN;CESAR;YILMAZ
Sivasspor vs. Gaziantepspor - Sunday October 3 - 2010,Sivasspor,hard,4-5-1,VARDAR;DIALLO;IVANOVS;YERLIKAYA;DERELI;BEKMEZCI;SAIDOU;NAS;YILMAZ;KILIC;YILDIZ
Trabzonspor vs. Besiktas - Sunday October 3 - 2010,Besiktas,easy,4-2-3-1,ARIKAN;TORAMAN;ZAPOTOCNY;HILBERT;MEHMET AURELIO;ERNST;GUTI;KOYBASI;TABATA;HOLOSKO;NOBRE
Trabzonspor vs. Besiktas - Sunday October 3 - 2010,Trabzonspor,easy,4-2-3-1,KIVRAK;KORKMAZ;YUMLU;CALE;BALCI;COLMAN;INAN;BAYTAR;YATTARA;YILMAZ;GUTIERREZ
Bursaspor vs. Kardemir Dc Karabukspor - Friday October 15 - 2010,Bursaspor,hard,4-3-3,IVANKOV;ERDOGAN;OZTURK;SVENSSON;WEDERSON;TANDOGAN;INSUA;BATALLA;IPEK;ODABASI;BAHADIR
Bursaspor vs. Kardemir Dc Karabukspor - Friday October 15 - 2010,Kardemir Dc Karabukspor,hard,4-5-1,TOMIC;DEUMI;OZDIN;SERIC;ZENGIN;SOYLER;TOZO;OZMERT;CERNAT;AVCI;EMENIKE
Besiktas vs. Manisaspor - Saturday October 16 - 2010,Besiktas,easy,4-4-2,ARIKAN;FERRARI;TORAMAN;FINK;UZULMEZ;HILBERT;ERNST;UYSAL;TABATA;BOBO;NOBRE
Besiktas vs. Manisaspor - Saturday October 16 - 2010,Manisaspor,hard,4-5-1,AVCIBAY;DIXON;KALABANE;AYDIN;BARIS;INCEDEMIR;GUVEN;ERDOGAN;SIMPSON;PROMISE;MAKUKULA
Eskisehirspor vs. Buyuksehir Belediyespor - Saturday October 16 - 2010,Buyuksehir Belediyespor,hard,4-3-3,BAHADIR;AKYUZ;ARAT;EKSIOGLU;SUZEN;KUS;TEKDEMIR;HOLMEN;AKIN;KOSE;TUM
Eskisehirspor vs. Buyuksehir Belediyespor - Saturday October 16 - 2010,Eskisehirspor,hard,4-4-2,IVESA;NADAREVIC;SADYQOV;YAMAN;ARSLAN;PELE;KAYA;OZTURK;ZENGIN;KARADENIZ;SARI
Gaziantepspor vs. Bucaspor - Saturday October 16 - 2010,Bucaspor,hard,4-5-1,FERNANDES;AK;TOMAS;MULEMO;DAGASAN;BASDAG;GUNES;TASKIRAN;KAYA;AYDIN;MENDY
Gaziantepspor vs. Bucaspor - Saturday October 16 - 2010,Gaziantepspor,hard,4-2-3-1,KARCEMARSKAS;AYHAN;SUME;IVAN;CAN;KURTULUS;ZURITA;POPOV;ADIN;SOSA;YILMAZ
Galatasaray vs. Ankaragucu - Sunday October 17 - 2010,Ankaragucu,hard,4-4-2,ONGUN;RAJNOCH;ZEWLAKOW;KLUKOWSKI;CEK;UCAR;VAROL;SAPARA;WEEKS;AKAN;SESTAK
Galatasaray vs. Ankaragucu - Sunday October 17 - 2010,Galatasaray,easy,4-3-3,CEYLAN;CETIN;BALTA;INSUA;KURTULUS;SARIOGLU;SARP;AKMAN;MISIMOVIC;PINO;BAROS
Genclerbirligi vs. Antalyaspor - Sunday October 17 - 2010,Antalyaspor,hard,4-3-3,CATKIC;RADELJIC;BARIS;TUNCER;SEKMAN;SERAS;AGCAY;INCEMAN;TITA;ZITOUNI;CIHAN
Genclerbirligi vs. Antalyaspor - Sunday October 17 - 2010,Genclerbirligi,hard,4-3-3,KULBILGE;DEMIR;KULUSIC;KALKAN;SAM;CAN;DELIBALTA;HARBUZI;ZEC;CALIK;MEHMET
Kasimpasa vs. Trabzonspor - Sunday October 17 - 2010,Kasimpasa,hard,4-4-2,SAHIN;BASDAS;ACIL;TEBER;KELLER;OZTURK;KURTULUS;AYGUNES;KARADAS;GULEC;MARTIN
Kasimpasa vs. Trabzonspor - Sunday October 17 - 2010,Trabzonspor,easy,4-3-3,KIVRAK;KORKMAZ;YUMLU;CALE;BALCI;GULSELAM;INAN;COLMAN;ALANZINHO;YILMAZ;BULUT
Kayserispor vs. Sivasspor - Sunday October 17 - 2010,Kayserispor,hard,4-3-3,HAMIDOU;ALEKSANDRE AMISULASHVILI;KESIMAL;TURACI;KALDIRIM;TEBER;SANTANA;ANDRE MORITZ;BOYRAZ;SISMANOGLU;ZALAYETA
Kayserispor vs. Sivasspor - Sunday October 17 - 2010,Sivasspor,hard,4-5-1,VARDAR;DIALLO;IVANOVS;YERLIKAYA;DERELI;BEKMEZCI;SAIDOU;MBANANGOYE;NAS;ERIS;PEDRIEL
Konyaspor vs. Fenerbahce - Monday October 18 - 2010,Fenerbahce,easy,4-3-3,DEMIREL;LUGANO;YOBO;ERKIN;GONUL;BELOZOGLU;TOPUZ;HURMACI;STOCH;DIA;NIANG
Konyaspor vs. Fenerbahce - Monday October 18 - 2010,Konyaspor,hard,4-5-1,USAK;KERE;ABBAS;KAHYA;ASLANTAS;GUNGOR;TORAMAN;ACAR;KARADUMAN;GRAJCIAR;LIETAVA
Kardemir Dc Karabukspor vs. Eskisehirspor - Friday October 22 - 2010,Eskisehirspor,hard,4-4-2,IVESA;COSKUN;NADAREVIC;SADYQOV;YAMAN;ERTUGRUL;KAYA;OZTURK;ZENGIN;KARADENIZ;SARI
Kardemir Dc Karabukspor vs. Eskisehirspor - Friday October 22 - 2010,Kardemir Dc Karabukspor,hard,4-5-1,TOMIC;DEUMI;OZDIN;SERIC;ZENGIN;SOYLER;TOZO;HIKMET;OZMERT;AVCI;EMENIKE
Sivasspor vs. Bucaspor - Friday October 22 - 2010,Bucaspor,hard,4-5-1,FERNANDES;AK;BAHTIYAROGLU;COLGECEN;TOMAS;TUNCER;DAGASAN;TASKIRAN;KAYA;AYDIN;MENDY
Sivasspor vs. Bucaspor - Friday October 22 - 2010,Sivasspor,hard,4-5-1,VARDAR;BAYRAK;DIALLO;ERDAL;DERELI;BEKMEZCI;MBANANGOYE;NAS;ERIS;KILIC;SAHIN
Antalyaspor vs. Konyaspor - Saturday October 23 - 2010,Antalyaspor,hard,4-3-3,CATKIC;BARIS;RADELJIC;OZKAYNAK;SEKMAN;AGCAY;SERAS;INCEMAN;TITA;ATES;CIHAN
Antalyaspor vs. Konyaspor - Saturday October 23 - 2010,Konyaspor,hard,4-2-3-1,USAK;KERE;YAVUZ;ABBAS;KAHYA;GUNGOR;ACAR;DOCKAL;MONTANO;GRAJCIAR;KILICASLAN
Buyuksehir Belediyespor vs. Gaziantepspor - Saturday October 23 - 2010,Buyuksehir Belediyespor,hard,4-3-3,HASAGIC;AKYUZ;DEPE;EKSIOGLU;SUZEN;KUS;TEKDEMIR;HOLMEN;AKIN;KOSE;TUM
Buyuksehir Belediyespor vs. Gaziantepspor - Saturday October 23 - 2010,Gaziantepspor,hard,4-2-3-1,KARCEMARSKAS;AYHAN;GUNGOR;SUME;IVAN;KURTULUS;CEYLAN;POPOV;ADIN;SOSA;YILMAZ
Trabzonspor vs. Genclerbirligi - Saturday October 23 - 2010,Genclerbirligi,hard,4-2-3-1,KULBILGE;BOZ;DEMIR;KULUSIC;KALKAN;CAN;JEDINAK;HARBUZI;ZEC;CALIK;MEHMET
Trabzonspor vs. Genclerbirligi - Saturday October 23 - 2010,Trabzonspor,easy,4-3-3,KIVRAK;KORKMAZ;YUMLU;CALE;BALCI;GULSELAM;COLMAN;INAN;ALANZINHO;YILMAZ;BULUT
Ankaragucu vs. Bursaspor - Sunday October 24 - 2010,Ankaragucu,hard,4-4-2,ONGUN;RAJNOCH;TOSCALI;YOLDAS;KLUKOWSKI;CEK;VAROL;WEEKS;SAPARA;AKAN;SESTAK
Ankaragucu vs. Bursaspor - Sunday October 24 - 2010,Bursaspor,hard,4-3-3,IVANKOV;ERDOGAN;OZTURK;WEDERSON;KECELI;CIMSIR;INSUA;BATALLA;SEN;YILDIRIM;BAHADIR
Fenerbahce vs. Galatasaray - Sunday October 24 - 2010,Fenerbahce,easy,4-5-1,DEMIREL;LUGANO;YOBO;ERKIN;GONUL;BELOZOGLU;TOPUZ;ALEX;STOCH;DIA;NIANG
Fenerbahce vs. Galatasaray - Sunday October 24 - 2010,Galatasaray,easy,4-5-1,ERCETIN;CETIN;NEILL;BALTA;SARIOGLU;SARP;CANA;AKMAN;MISIMOVIC;ELANO;PINO
Manisaspor vs. Kasimpasa - Sunday October 24 - 2010,Kasimpasa,hard,4-4-2,ABDUL;SAHIN;BASDAS;LUIZ HENRIQUE;KAPLAN;VARELA;SARMOV;KURTULUS;AYGUNES;KALA;AYDIN
Manisaspor vs. Kasimpasa - Sunday October 24 - 2010,Manisaspor,hard,4-5-1,AVCIBAY;DIXON;OZSARAC;MOMHA;BARIS;INCEDEMIR;ERDOGAN;GUVEN;SIMPSON;PROMISE;MAKUKULA
Kayserispor vs. Besiktas - Monday October 25 - 2010,Besiktas,easy,4-5-1,RECBER;FINK;ZAPOTOCNY;TORAMAN;UZULMEZ;HILBERT;ERNST;UYSAL;BAYRAMOGLU;BOBO;KAHVECI
Kayserispor vs. Besiktas - Monday October 25 - 2010,Kayserispor,hard,4-5-1,HAMIDOU;ALEKSANDRE AMISULASHVILI;KESIMAL;TURACI;KALDIRIM;OZCAL;SANTANA;TEBER;ANDRE MORITZ;BOYRAZ;SISMANOGLU
Bursaspor vs. Fenerbahce - Friday October 29 - 2010,Bursaspor,hard,4-5-1,IVANKOV;ERDOGAN;OZTURK;WEDERSON;TANDOGAN;CIMSIR;ERGIC;BATALLA;SEN;YILDIRIM;BAHADIR
Bursaspor vs. Fenerbahce - Friday October 29 - 2010,Fenerbahce,easy,4-2-3-1,DEMIREL;FABIO BILICA;YOBO;ERKIN;GONUL;BELOZOGLU;CRISTIAN;TOPUZ;ALEX;STOCH;SENTURK
Eskisehirspor vs. Ankaragucu - Saturday October 30 - 2010,Ankaragucu,hard,4-4-2,SENECKY;RAJNOCH;YOLDAS;ZEWLAKOW;KLUKOWSKI;KOCAK;DURUER;VAROL;WEEKS;AKAN;SESTAK
Eskisehirspor vs. Ankaragucu - Saturday October 30 - 2010,Eskisehirspor,hard,4-4-2,IVESA;COSKUN;NADAREVIC;SADYQOV;YAMAN;ERTUGRUL;KAYA;OZTURK;ZENGIN;KARADENIZ;SARI
Galatasaray vs. Antalyaspor - Saturday October 30 - 2010,Antalyaspor,hard,4-2-3-1,CATKIC;NIZAM;RADELJIC;TUNCER;SEKMAN;SERAS;AGCAY;INCEMAN;TITA;ATES;CIHAN
Galatasaray vs. Antalyaspor - Saturday October 30 - 2010,Galatasaray,easy,4-2-3-1,CEYLAN;CETIN;NEILL;BALTA;KURTULUS;SARIOGLU;SARP;CANA;OZBEK;MISIMOVIC;PINO
Gaziantepspor vs. Kardemir Dc Karabukspor - Saturday October 30 - 2010,Gaziantepspor,hard,4-2-3-1,KARCEMARSKAS;AYHAN;NOUNKEU;SUME;IVAN;KURTULUS;CEYLAN;POPOV;ADIN;CESAR;BETO
Gaziantepspor vs. Kardemir Dc Karabukspor - Saturday October 30 - 2010,Kardemir Dc Karabukspor,hard,4-5-1,TOMIC;DEUMI;OZDIN;SERIC;ZENGIN;TOZO;SOYLER;OZMERT;ELMAS;EMENIKE;PARLAK
Besiktas vs. Sivasspor - Sunday October 31 - 2010,Besiktas,easy,4-5-1,RECBER;GULUM;TORAMAN;UZULMEZ;HILBERT;ERNST;UYSAL;GUTI;TABATA;HOLOSKO;BOBO
Besiktas vs. Sivasspor - Sunday October 31 - 2010,Sivasspor,hard,4-5-1,VARDAR;BAYRAK;IVANOVS;ERDAL;DERELI;BEKMEZCI;KEITA;MBANANGOYE;NAS;KILIC;YILDIZ
Bucaspor vs. Buyuksehir Belediyespor - Sunday October 31 - 2010,Bucaspor,hard,4-5-1,FERNANDES;AK;BAHTIYAROGLU;KIZILKAYA;YANIK;TUNCER;DAGASAN;LEKO;TASKIRAN;AYDIN;MENDY
Bucaspor vs. Buyuksehir Belediyespor - Sunday October 31 - 2010,Buyuksehir Belediyespor,hard,4-3-3,HASAGIC;AKYUZ;DEPE;EKSIOGLU;SUZEN;HASPOLATLI;TEKDEMIR;HOLMEN;AKIN;KOSE;TUM
Genclerbirligi vs. Manisaspor - Sunday October 31 - 2010,Genclerbirligi,hard,4-3-3,KULBILGE;DEMIR;KULUSIC;KALKAN;SAM;CAN;JEDINAK;HARBUZI;ZEC;MERIC;CALIK
Genclerbirligi vs. Manisaspor - Sunday October 31 - 2010,Manisaspor,hard,4-5-1,AVCIBAY;DIXON;OZSARAC;AYDIN;BARIS;INCEDEMIR;ERDOGAN;GUVEN;SIMPSON;PROMISE;MAKUKULA
Kasimpasa vs. Kayserispor - Sunday October 31 - 2010,Kasimpasa,hard,4-4-2,OZGEN;BASDAS;LUIZ HENRIQUE;KAPLAN;VARELA;TJIKUZU;KELLER;KURTULUS;KALA;DIMITROV;MARTIN
Kasimpasa vs. Kayserispor - Sunday October 31 - 2010,Kayserispor,hard,4-5-1,HAMIDOU;ALEKSANDRE AMISULASHVILI;KESIMAL;TURACI;KALDIRIM;TEBER;SANTANA;OZCAL;BILGIN;BOYRAZ;ZALAYETA
Konyaspor vs. Trabzonspor - Monday November 1 - 2010,Konyaspor,hard,4-5-1,USAK;KERE;YAVUZ;SEDEF;ABBAS;ASLANTAS;TORAMAN;SAHIN;DOCKAL;GRAJCIAR;THIERRY FIDJEU TAZEMETA
Konyaspor vs. Trabzonspor - Monday November 1 - 2010,Trabzonspor,easy,4-2-3-1,KIVRAK;GLOWACKI;KORKMAZ;OZTORUN;BALCI;ATAS;INAN;BAYTAR;YILMAZ;JAJA;BULUT
Kayserispor vs. Genclerbirligi - Friday November 5 - 2010,Genclerbirligi,hard,4-3-3,KULBILGE;DEMIR;KULUSIC;KALKAN;SAM;CAN;JEDINAK;DELIBALTA;ZEC;MERIC;CALIK
Kayserispor vs. Genclerbirligi - Friday November 5 - 2010,Kayserispor,hard,4-2-3-1,HAMIDOU;ALEKSANDRE AMISULASHVILI;KESIMAL;TURACI;KALDIRIM;BILGIN;DURAK;TEBER;ANDRE MORITZ;BOYRAZ;ZALAYETA
Ankaragucu vs. Gaziantepspor - Saturday November 6 - 2010,Ankaragucu,hard,4-4-2,SENECKY;RAJNOCH;ZEWLAKOW;KLUKOWSKI;UCAR;KOCAK;DURUER;VAROL;SAPARA;AKAN;SESTAK
Ankaragucu vs. Gaziantepspor - Saturday November 6 - 2010,Gaziantepspor,hard,4-2-3-1,KARCEMARSKAS;AYHAN;NOUNKEU;IVAN;KURTULUS;GULLE;CEYLAN;POPOV;JORGINHO;ADIN;SOSA
Antalyaspor vs. Bursaspor - Saturday November 6 - 2010,Antalyaspor,hard,4-3-3,CATKIC;BARIS;NIZAM;TUNCER;SEKMAN;AGCAY;SERAS;INCEMAN;TITA;ZITOUNI;CIHAN
Antalyaspor vs. Bursaspor - Saturday November 6 - 2010,Bursaspor,hard,4-3-3,IVANKOV;OZTURK;STEPANOV;KECELI;TANDOGAN;CIMSIR;INSUA;BATALLA;IPEK;NUNEZ;BAHADIR
Fenerbahce vs. Eskisehirspor - Saturday November 6 - 2010,Eskisehirspor,hard,4-2-3-1,IVESA;NADAREVIC;SADYQOV;YAMAN;ARSLAN;ERTUGRUL;PELE;OZTURK;ZENGIN;OZBAYRAKTAR;KARADENIZ
Fenerbahce vs. Eskisehirspor - Saturday November 6 - 2010,Fenerbahce,easy,4-2-3-1,DEMIREL;LUGANO;YOBO;ERKIN;GONUL;BELOZOGLU;CRISTIAN;TOPUZ;ALEX;STOCH;SENTURK
Kardemir Dc Karabukspor vs. Bucaspor - Saturday November 6 - 2010,Bucaspor,hard,4-5-1,FERNANDES;AK;KIZILKAYA;YANIK;MULEMO;TUNCER;DAGASAN;LEKO;KAYA;DAHMANE;MENDY
Kardemir Dc Karabukspor vs. Bucaspor - Saturday November 6 - 2010,Kardemir Dc Karabukspor,hard,4-5-1,TOMIC;DEUMI;OZDIN;SERIC;ZENGIN;TOZO;SOYLER;AKIN;ELMAS;EMENIKE;PARLAK
Manisaspor vs. Konyaspor - Sunday November 7 - 2010,Konyaspor,hard,4-5-1,USAK;KERE;YAVUZ;ABBAS;ASLANTAS;GUNGOR;TORAMAN;SAHIN;GRAJCIAR;BANGOURA;THIERRY FIDJEU TAZEMETA
Manisaspor vs. Konyaspor - Sunday November 7 - 2010,Manisaspor,hard,4-3-3,AVCIBAY;DIXON;KALABANE;AYDIN;BARIS;CALISKAN;INCEDEMIR;ERDOGAN;SIMPSON;PROMISE;MAKUKULA
Sivasspor vs. Buyuksehir Belediyespor - Sunday November 7 - 2010,Buyuksehir Belediyespor,hard,4-3-3,BAHADIR;AKYUZ;DEPE;EKSIOGLU;SUZEN;HASPOLATLI;TEKDEMIR;HOLMEN;AKIN;KOSE;TUM
Sivasspor vs. Buyuksehir Belediyespor - Sunday November 7 - 2010,Sivasspor,hard,4-2-3-1,VARDAR;BAYRAK;IVANOVS;ERDAL;DERELI;BEKMEZCI;KEITA;MBANANGOYE;ERIS;KAMANAN;YILDIZ
Trabzonspor vs. Galatasaray - Sunday November 7 - 2010,Galatasaray,easy,4-2-3-1,CEYLAN;CETIN;NEILL;INSUA;SARIOGLU;CANA;SARP;AKMAN;ELANO;MISIMOVIC;PINO
Trabzonspor vs. Galatasaray - Sunday November 7 - 2010,Trabzonspor,easy,4-2-3-1,KIVRAK;KACAR;KORKMAZ;CALE;BALCI;COLMAN;INAN;BAYTAR;YILMAZ;JAJA;BULUT
Besiktas vs. Kasimpasa - Monday November 8 - 2010,Besiktas,easy,4-5-1,RECBER;GULUM;TORAMAN;GUVEN;ERNST;MEHMET AURELIO;GUTI;KOYBASI;HOLOSKO;BOBO;KAHVECI
Besiktas vs. Kasimpasa - Monday November 8 - 2010,Kasimpasa,hard,4-5-1,OZGEN;BASDAS;LUIZ HENRIQUE;KAPLAN;OCAL;TJIKUZU;KELLER;KURTULUS;AYGUNES;DIMITROV;MARTIN
Konyaspor vs. Kayserispor - Friday November 12 - 2010,Kayserispor,hard,4-3-3,HAMIDOU;ALEKSANDRE AMISULASHVILI;KESIMAL;TURACI;KALDIRIM;TEBER;SANTANA;ANDRE MORITZ;BOYRAZ;SISMANOGLU;ZALAYETA
Konyaspor vs. Kayserispor - Friday November 12 - 2010,Konyaspor,hard,4-5-1,USAK;KERE;YAVUZ;ABBAS;ASLANTAS;GUNGOR;TORAMAN;SAHIN;ACAR;KILICASLAN;THIERRY FIDJEU TAZEMETA
Bucaspor vs. Ankaragucu - Saturday November 13 - 2010,Ankaragucu,hard,4-4-2,SENECKY;RAJNOCH;KLUKOWSKI;UCAR;KOCAK;KAGAN SOYLEMEZGILLER;VAROL;WEEKS;SAPARA;AKAN;SESTAK
Bucaspor vs. Ankaragucu - Saturday November 13 - 2010,Bucaspor,hard,4-5-1,FERNANDES;BAHTIYAROGLU;COLGECEN;YANIK;MULEMO;TUNCER;LEKO;TASKIRAN;KAYA;AYDIN;MANUCHO
Bursaspor vs. Trabzonspor - Saturday November 13 - 2010,Bursaspor,hard,4-2-3-1,IVANKOV;ERDOGAN;OZTURK;WEDERSON;KECELI;CIMSIR;ERGIC;INSUA;IPEK;YILDIRIM;BAHADIR
Bursaspor vs. Trabzonspor - Saturday November 13 - 2010,Trabzonspor,easy,4-2-3-1,KIVRAK;KACAR;KORKMAZ;CALE;BALCI;GULSELAM;INAN;BAYTAR;YILMAZ;JAJA;BULUT
Eskisehirspor vs. Antalyaspor - Saturday November 13 - 2010,Antalyaspor,hard,4-5-1,CATKIC;RADELJIC;BARIS;OZKAYNAK;TUNCER;SEKMAN;SERAS;PROMENT;INCEMAN;ZITOUNI;DJIEHOUA
Eskisehirspor vs. Antalyaspor - Saturday November 13 - 2010,Eskisehirspor,hard,4-4-2,IVESA;COSKUN;DIEGO ANGELO;NADAREVIC;YAMAN;ERTUGRUL;KAYA;ZENGIN;OZBAYRAKTAR;KARADENIZ;SARI
Gaziantepspor vs. Fenerbahce - Saturday November 13 - 2010,Fenerbahce,easy,4-2-3-1,DEMIREL;YOBO;IRTEGUN;ERKIN;GONUL;CRISTIAN;TOPUZ;ALEX;STOCH;KAZIM-RICHARDS;SENTURK
Gaziantepspor vs. Fenerbahce - Saturday November 13 - 2010,Gaziantepspor,hard,4-2-3-1,KARCEMARSKAS;AYHAN;NOUNKEU;IVAN;KURTULUS;GULLE;CEYLAN;JORGINHO;ADIN;ARI;SOSA
Buyuksehir Belediyespor vs. Kardemir Dc Karabukspor - Sunday November 14 - 2010,Buyuksehir Belediyespor,hard,4-5-1,BAHADIR;AKYUZ;DEPE;EKSIOGLU;SUZEN;HASPOLATLI;INANC;TEKDEMIR;HOLMEN;AKIN;TUM
Buyuksehir Belediyespor vs. Kardemir Dc Karabukspor - Sunday November 14 - 2010,Kardemir Dc Karabukspor,hard,4-3-3,TOMIC;DEUMI;OZDIN;SERIC;ZENGIN;TOZO;HIKMET;SOYLER;ELMAS;EMENIKE;PARLAK
Galatasaray vs. Manisaspor - Sunday November 14 - 2010,Galatasaray,easy,4-5-1,CEYLAN;CETIN;NEILL;TURAN;INSUA;SARIOGLU;CANA;AKMAN;ELANO;KEWELL;PINO
Galatasaray vs. Manisaspor - Sunday November 14 - 2010,Manisaspor,hard,4-4-2,AVCIBAY;DIXON;KALABANE;AYDIN;BARIS;INCEDEMIR;ERDOGAN;GUVEN;SIMPSON;PROMISE;MAKUKULA
Genclerbirligi vs. Besiktas - Sunday November 14 - 2010,Besiktas,easy,4-5-1,RECBER;GULUM;TORAMAN;UZULMEZ;HILBERT;MEHMET AURELIO;ERNST;GUTI;TABATA;QUARESMA;HOLOSKO
Genclerbirligi vs. Besiktas - Sunday November 14 - 2010,Genclerbirligi,hard,4-5-1,KULBILGE;BOZ;KULUSIC;KALKAN;CAN;SAM;JEDINAK;DELIBALTA;MERIC;CALIK;SMELTZ
Kasimpasa vs. Sivasspor - Sunday November 14 - 2010,Kasimpasa,hard,4-4-2,OZGEN;BASDAS;LUIZ HENRIQUE;KAPLAN;OCAL;TJIKUZU;KELLER;KURTULUS;AYGUNES;DIMITROV;MARTIN
Kasimpasa vs. Sivasspor - Sunday November 14 - 2010,Sivasspor,hard,4-4-2,SEKER;BAYRAK;DIALLO;ERDAL;KAVUK;BEKMEZCI;NAS;YESILKAYA;YILMAZ;KAMANAN;YILDIZ
Besiktas vs. Konyaspor - Saturday November 20 - 2010,Besiktas,easy,4-5-1,GONEN;GULUM;TORAMAN;UZULMEZ;HILBERT;MEHMET AURELIO;ERNST;TABATA;QUARESMA;HOLOSKO;NOBRE
Besiktas vs. Konyaspor - Saturday November 20 - 2010,Konyaspor,hard,4-5-1,TOKGOZ;KERE;YAVUZ;ASLANTAS;GUNGOR;TORAMAN;ACAR;SAHIN;GRAJCIAR;MONTANO;KILICASLAN
Kasimpasa vs. Genclerbirligi - Saturday November 20 - 2010,Genclerbirligi,hard,4-3-3,KULBILGE;BALAK;BOZ;KULUSIC;KALKAN;CAN;JEDINAK;DELIBALTA;MERIC;CALIK;MEHMET
Kasimpasa vs. Genclerbirligi - Saturday November 20 - 2010,Kasimpasa,hard,4-4-2,OZGEN;BASDAS;LUIZ HENRIQUE;KAPLAN;TJIKUZU;VARELA;KELLER;KURTULUS;KALA;DIMITROV;MARTIN
Manisaspor vs. Bursaspor - Saturday November 20 - 2010,Bursaspor,hard,4-2-3-1,IVANKOV;ERDOGAN;OZTURK;SVENSSON;WEDERSON;KECELI;ERGIC;BATALLA;IPEK;ODABASI;BAHADIR
Manisaspor vs. Bursaspor - Saturday November 20 - 2010,Manisaspor,hard,4-3-3,BILER;DIXON;KALABANE;AYDIN;BARIS;ERDOGAN;OZGUR;GUVEN;SIMPSON;PROMISE;MAKUKULA
Sivasspor vs. Kardemir Dc Karabukspor - Saturday November 20 - 2010,Kardemir Dc Karabukspor,hard,4-3-3,OZTURK;DEUMI;OZDIN;SERIC;ZENGIN;SOYLER;HIKMET;AKIN;ANGELOV;EMENIKE;PARLAK
Sivasspor vs. Kardemir Dc Karabukspor - Saturday November 20 - 2010,Sivasspor,hard,4-2-3-1,SEKER;BAYRAK;DIALLO;ERDAL;KAVUK;BEKMEZCI;NAS;YILMAZ;KAMANAN;PEDRIEL;YILDIZ
Ankaragucu vs. Buyuksehir Belediyespor - Sunday November 21 - 2010,Ankaragucu,hard,4-2-3-1,SENECKY;RAJNOCH;TOSCALI;UCAR;DURUER;KAGAN SOYLEMEZGILLER;VAROL;WEEKS;SAPARA;GABRIC;SAHIN
Ankaragucu vs. Buyuksehir Belediyespor - Sunday November 21 - 2010,Buyuksehir Belediyespor,hard,4-3-3,BAHADIR;AKYUZ;EKSIOGLU;TEKDEMIR;HASPOLATLI;INANC;HOLMEN;KORKMAZ;AKIN;KOSE;TUM
Antalyaspor vs. Gaziantepspor - Sunday November 21 - 2010,Antalyaspor,hard,4-3-3,CATKIC;BARIS;RADELJIC;OZKAYNAK;SEKMAN;AGCAY;SERAS;INCEMAN;TITA;ATES;DJIEHOUA
Antalyaspor vs. Gaziantepspor - Sunday November 21 - 2010,Gaziantepspor,hard,4-2-3-1,KARCEMARSKAS;AYHAN;GUNGOR;CAN;IVAN;KURTULUS;GULLE;CEYLAN;POPOV;ADIN;SOSA
Kayserispor vs. Galatasaray - Sunday November 21 - 2010,Galatasaray,easy,4-5-1,CEYLAN;CETIN;NEILL;TURAN;BALTA;SARIOGLU;AKMAN;OZBEK;ELANO;KEWELL;PINO
Kayserispor vs. Galatasaray - Sunday November 21 - 2010,Kayserispor,hard,4-5-1,HAMIDOU;ALEKSANDRE AMISULASHVILI;CAKIR;TURACI;KALDIRIM;DURAK;SANTANA;TEBER;BOYRAZ;SISMANOGLU;ZALAYETA
Trabzonspor vs. Eskisehirspor - Sunday November 21 - 2010,Eskisehirspor,hard,4-2-3-1,IVESA;COSKUN;DIEGO ANGELO;NADAREVIC;YAMAN;ARSLAN;ERTUGRUL;KAYA;POTUK;ZENGIN;OZBAYRAKTAR
Trabzonspor vs. Eskisehirspor - Sunday November 21 - 2010,Trabzonspor,easy,4-2-3-1,KIVRAK;KACAR;KORKMAZ;CALE;BALCI;INAN;COLMAN;BAYTAR;YILMAZ;JAJA;BULUT
Fenerbahce vs. Bucaspor - Monday November 22 - 2010,Bucaspor,hard,4-4-2,FERNANDES;BAHTIYAROGLU;COLGECEN;YANIK;MULEMO;LEKO;TASKIRAN;KAYA;AYDIN;MANUCHO;MENDY
Fenerbahce vs. Bucaspor - Monday November 22 - 2010,Fenerbahce,easy,4-2-3-1,DEMIREL;YOBO;IRTEGUN;SANTOS;GONUL;IRAVUL;CRISTIAN;TOPUZ;ALEX;STOCH;NIANG
Eskisehirspor vs. Manisaspor - Friday November 26 - 2010,Eskisehirspor,hard,4-1-4-1,IVESA;COSKUN;DIEGO ANGELO;NADAREVIC;YAMAN;ERTUGRUL;KAYA;POTUK;ZENGIN;OZBAYRAKTAR;JOHN
Eskisehirspor vs. Manisaspor - Friday November 26 - 2010,Manisaspor,hard,4-3-3,AVCIBAY;DIXON;KALABANE;AYDIN;COKMUS;INCEDEMIR;ERDOGAN;GUVEN;SIMPSON;PROMISE;MAKUKULA
Buyuksehir Belediyespor vs. Fenerbahce - Saturday November 27 - 2010,Buyuksehir Belediyespor,hard,4-5-1,HASAGIC;AKYUZ;EKSIOGLU;SUZEN;TEKDEMIR;HASPOLATLI;INANC;HOLMEN;KORKMAZ;AKIN;TUM
Buyuksehir Belediyespor vs. Fenerbahce - Saturday November 27 - 2010,Fenerbahce,easy,4-2-3-1,DEMIREL;IRTEGUN;YOBO;ERKIN;GONUL;IRAVUL;CRISTIAN;TOPUZ;ALEX;STOCH;NIANG
Gaziantepspor vs. Trabzonspor - Saturday November 27 - 2010,Gaziantepspor,hard,4-2-3-1,KARCEMARSKAS;AYHAN;GUNGOR;CAN;IVAN;KURTULUS;GULLE;CEYLAN;JORGINHO;POPOV;SOSA
Gaziantepspor vs. Trabzonspor - Saturday November 27 - 2010,Trabzonspor,easy,4-2-3-1,KIVRAK;KACAR;KORKMAZ;CALE;BALCI;INAN;COLMAN;ALANZINHO;YILMAZ;JAJA;BULUT
Genclerbirligi vs. Sivasspor - Saturday November 27 - 2010,Genclerbirligi,hard,4-2-3-1,KULBILGE;BALAK;BOZ;KULUSIC;KALKAN;CAN;AYDOGDU;DELIBALTA;MERIC;CALIK;TAMBWE
Genclerbirligi vs. Sivasspor - Saturday November 27 - 2010,Sivasspor,hard,4-2-3-1,RAMOVIC;BAYRAK;DIALLO;ERDAL;KAVUK;BEKMEZCI;NAS;YILMAZ;KAMANAN;PEDRIEL;YILDIZ
Konyaspor vs. Kasimpasa - Saturday November 27 - 2010,Kasimpasa,hard,4-5-1,OZGEN;BASDAS;LUIZ HENRIQUE;KAPLAN;OCAL;TJIKUZU;VARELA;KELLER;KURTULUS;KALA;MARTIN
Konyaspor vs. Kasimpasa - Saturday November 27 - 2010,Konyaspor,hard,4-2-3-1,TOKGOZ;KERE;KLEIN;ASLANTAS;GUNGOR;SAHIN;ACAR;DOCKAL;GRAJCIAR;MONTANO;KILICASLAN
Bucaspor vs. Antalyaspor - Sunday November 28 - 2010,Antalyaspor,hard,4-3-3,CATKIC;BARIS;UZUMCU;RADELJIC;TUNCER;AGCAY;SERAS;INCEMAN;TITA;ATES;DJIEHOUA
Bucaspor vs. Antalyaspor - Sunday November 28 - 2010,Bucaspor,hard,4-4-2,OZMEN;AK;COLGECEN;MULEMO;COREKCI;LEKO;DAGASAN;TASKIRAN;AYDIN;MANUCHO;MENDY
Galatasaray vs. Besiktas - Sunday November 28 - 2010,Besiktas,easy,4-5-1,GONEN;GULUM;TORAMAN;HILBERT;MEHMET AURELIO;ERNST;GUTI;KOYBASI;TABATA;HOLOSKO;NOBRE
Galatasaray vs. Besiktas - Sunday November 28 - 2010,Galatasaray,easy,4-3-3,CEYLAN;CETIN;NEILL;TURAN;BALTA;SARIOGLU;CANA;AKMAN;ELANO;KEWELL;PINO
Kardemir Dc Karabukspor vs. Ankaragucu - Sunday November 28 - 2010,Ankaragucu,hard,4-2-3-1,SENECKY;RAJNOCH;TOSCALI;ZEWLAKOW;UCAR;KOCAK;DURUER;VAROL;SAPARA;SAHIN;SESTAK
Kardemir Dc Karabukspor vs. Ankaragucu - Sunday November 28 - 2010,Kardemir Dc Karabukspor,hard,4-5-1,TOMIC;BAL;DEUMI;SERIC;ZENGIN;SOYLER;TOZO;AKIN;OZMERT;EMENIKE;PARLAK
Bursaspor vs. Kayserispor - Monday November 29 - 2010,Bursaspor,hard,4-3-3,IVANKOV;OZTURK;STEPANOV;SVENSSON;WEDERSON;KECELI;INSUA;BATALLA;IPEK;SEN;BAHADIR
Bursaspor vs. Kayserispor - Monday November 29 - 2010,Kayserispor,hard,4-2-3-1,HAMIDOU;ALEKSANDRE AMISULASHVILI;KESIMAL;TURACI;KALDIRIM;TEBER;SANTANA;DURAK;ANDRE MORITZ;BOYRAZ;SISMANOGLU
Trabzonspor vs. Bucaspor - Friday December 3 - 2010,Bucaspor,hard,4-2-3-1,OZMEN;AK;BAHTIYAROGLU;COLGECEN;COREKCI;DAGASAN;BASDAG;AYDIN;KAYA;MANUCHO;MENDY
Trabzonspor vs. Bucaspor - Friday December 3 - 2010,Trabzonspor,easy,4-2-3-1,KIVRAK;KACAR;KORKMAZ;CALE;BALCI;COLMAN;INAN;ALANZINHO;YATTARA;JAJA;BULUT
Ankaragucu vs. Sivasspor - Saturday December 4 - 2010,Ankaragucu,hard,4-4-2,SENECKY;RAJNOCH;TOSCALI;KLUKOWSKI;UCAR;KOCAK;KAGAN SOYLEMEZGILLER;VAROL;SAPARA;AKAN;SESTAK
Ankaragucu vs. Sivasspor - Saturday December 4 - 2010,Sivasspor,hard,4-4-2,RAMOVIC;DIALLO;IVANOVS;ERDAL;KAVUK;BEKMEZCI;NAS;YILMAZ;KILIC;PEDRIEL;YILDIZ
Kasimpasa vs. Galatasaray - Saturday December 4 - 2010,Galatasaray,easy,4-3-3,CEYLAN;ZAN;NEILL;BALTA;SARIOGLU;CANA;AKMAN;OZBEK;KEWELL;YILMAZ;PINO
Kasimpasa vs. Galatasaray - Saturday December 4 - 2010,Kasimpasa,hard,4-5-1,OZGEN;BASDAS;LUIZ HENRIQUE;KAPLAN;TJIKUZU;VARELA;KELLER;KURTULUS;OZTURK;KALA;MARTIN
Manisaspor vs. Gaziantepspor - Saturday December 4 - 2010,Gaziantepspor,hard,4-1-4-1,KARCEMARSKAS;AYHAN;GUNGOR;SUME;IVAN;GULLE;CEYLAN;ZURITA;POPOV;ADIN;SOSA
Manisaspor vs. Gaziantepspor - Saturday December 4 - 2010,Manisaspor,hard,4-3-3,AVCIBAY;DIXON;KALABANE;AYDIN;COKMUS;INCEDEMIR;ERDOGAN;GUVEN;SIMPSON;PROMISE;KAHE
Antalyaspor vs. Buyuksehir Belediyespor - Sunday December 5 - 2010,Antalyaspor,hard,4-3-3,CATKIC;RADELJIC;BARIS;TUNCER;SEKMAN;SERAS;AGCAY;INCEMAN;TITA;ATES;DJIEHOUA
Antalyaspor vs. Buyuksehir Belediyespor - Sunday December 5 - 2010,Buyuksehir Belediyespor,hard,4-3-3,HASAGIC;AKYUZ;SUZEN;HASPOLATLI;INANC;TEKDEMIR;HOLMEN;KORKMAZ;AKIN;KOSE;TUM
Besiktas vs. Bursaspor - Sunday December 5 - 2010,Besiktas,easy,4-5-1,GONEN;GULUM;TORAMAN;UZULMEZ;HILBERT;MEHMET AURELIO;UYSAL;ERNST;GUTI;HOLOSKO;KUCIK
Besiktas vs. Bursaspor - Sunday December 5 - 2010,Bursaspor,hard,4-5-1,IVANKOV;ERDOGAN;OZTURK;SVENSSON;WEDERSON;KECELI;ERGIC;BATALLA;IPEK;SEN;BAHADIR
Fenerbahce vs. Kardemir Dc Karabukspor - Sunday December 5 - 2010,Fenerbahce,easy,4-2-3-1,DEMIREL;LUGANO;YOBO;ERKIN;GONUL;BELOZOGLU;CRISTIAN;TOPUZ;ALEX;STOCH;NIANG
Fenerbahce vs. Kardemir Dc Karabukspor - Sunday December 5 - 2010,Kardemir Dc Karabukspor,hard,4-3-3,TOMIC;BAL;DEUMI;SERIC;ZENGIN;SOYLER;TOZO;HIKMET;AVCI;EMENIKE;PARLAK
Konyaspor vs. Genclerbirligi - Sunday December 5 - 2010,Genclerbirligi,hard,4-2-3-1,KULBILGE;DEMIR;KULUSIC;KALKAN;CAN;SAM;AYDOGDU;DELIBALTA;MERIC;CALIK;TAMBWE
Konyaspor vs. Genclerbirligi - Sunday December 5 - 2010,Konyaspor,hard,4-2-3-1,TOKGOZ;KERE;YAVUZ;ABBAS;ASLANTAS;TORAMAN;ACAR;SAHIN;GRAJCIAR;MONTANO;THIERRY FIDJEU TAZEMETA
Kayserispor vs. Eskisehirspor - Monday December 6 - 2010,Eskisehirspor,hard,4-2-3-1,IVESA;COSKUN;DIEGO ANGELO;NADAREVIC;YAMAN;ERTUGRUL;POTUK;ZENGIN;OZBAYRAKTAR;ESER;JOHN
Kayserispor vs. Eskisehirspor - Monday December 6 - 2010,Kayserispor,hard,4-3-3,HAMIDOU;ALEKSANDRE AMISULASHVILI;GUNGOR;TURACI;KALDIRIM;TEBER;DURAK;ANDRE MORITZ;BOYRAZ;OZGEN;SISMANOGLU
Eskisehirspor vs. Besiktas - Friday December 10 - 2010,Besiktas,easy,4-5-1,GONEN;GULUM;TORAMAN;UZULMEZ;HILBERT;MEHMET AURELIO;ERNST;UYSAL;GUTI;HOLOSKO;KUCIK
Eskisehirspor vs. Besiktas - Friday December 10 - 2010,Eskisehirspor,hard,4-5-1,IVESA;COSKUN;DIEGO ANGELO;NADAREVIC;SARI;ERTUGRUL;OZTURK;POTUK;ZENGIN;ESER;KARADENIZ
Bucaspor vs. Manisaspor - Saturday December 11 - 2010,Bucaspor,hard,4-5-1,OZMEN;AK;COLGECEN;MULEMO;COREKCI;LEKO;BASDAG;TASKIRAN;KAYA;AYDIN;MANUCHO
Bucaspor vs. Manisaspor - Saturday December 11 - 2010,Manisaspor,hard,4-5-1,AVCIBAY;DIXON;KALABANE;AYDIN;COKMUS;INCEDEMIR;ERDOGAN;GUVEN;SIMPSON;EMRECIKSIN;KAHE
Galatasaray vs. Genclerbirligi - Saturday December 11 - 2010,Galatasaray,easy,4-3-3,CEYLAN;NEILL;ZAN;BALTA;SARIOGLU;CANA;AKMAN;OZBEK;KEWELL;YILMAZ;PINO
Galatasaray vs. Genclerbirligi - Saturday December 11 - 2010,Genclerbirligi,hard,4-4-2,KULBILGE;DEMIR;KULUSIC;KALKAN;CAN;SAM;AYDOGDU;DELIBALTA;MERIC;CALIK;MEHMET
Kardemir Dc Karabukspor vs. Antalyaspor - Saturday December 11 - 2010,Antalyaspor,hard,4-3-3,CATKIC;RADELJIC;BARIS;TUNCER;SEKMAN;SERAS;AGCAY;INCEMAN;TITA;ZITOUNI;ATES
Kardemir Dc Karabukspor vs. Antalyaspor - Saturday December 11 - 2010,Kardemir Dc Karabukspor,hard,4-3-3,TOMIC;BAL;DEUMI;SELVI;ZENGIN;TOZO;HIKMET;SOYLER;AVCI;EMENIKE;PARLAK
Ankaragucu vs. Fenerbahce - Sunday December 12 - 2010,Ankaragucu,hard,4-3-3,SENECKY;RAJNOCH;ZEWLAKOW;KLUKOWSKI;UCAR;KAGAN SOYLEMEZGILLER;KOCAK;VAROL;GABRIC;SAHIN;SESTAK
Ankaragucu vs. Fenerbahce - Sunday December 12 - 2010,Fenerbahce,easy,4-2-3-1,DEMIREL;LUGANO;YOBO;ERKIN;GONUL;BELOZOGLU;CRISTIAN;TOPUZ;ALEX;DIA;NIANG
Buyuksehir Belediyespor vs. Trabzonspor - Sunday December 12 - 2010,Buyuksehir Belediyespor,hard,4-2-3-1,HASAGIC;AKYUZ;EKSIOGLU;SUZEN;KUS;TEKDEMIR;HASPOLATLI;HOLMEN;KORKMAZ;KOSE;TUM
Buyuksehir Belediyespor vs. Trabzonspor - Sunday December 12 - 2010,Trabzonspor,easy,4-2-3-1,KIVRAK;KACAR;KORKMAZ;CALE;BALCI;COLMAN;INAN;YATTARA;YILMAZ;JAJA;BULUT
Gaziantepspor vs. Kayserispor - Sunday December 12 - 2010,Gaziantepspor,hard,4-5-1,KARCEMARSKAS;AYHAN;GUNGOR;SUME;CAN;IVAN;KURTULUS;GULLE;POPOV;ADIN;CESAR
Gaziantepspor vs. Kayserispor - Sunday December 12 - 2010,Kayserispor,hard,4-2-3-1,HAMIDOU;ALEKSANDRE AMISULASHVILI;KESIMAL;TURACI;KALDIRIM;BILGIN;DURAK;TEBER;ANDRE MORITZ;BOYRAZ;OZGEN
Sivasspor vs. Konyaspor - Sunday December 12 - 2010,Konyaspor,hard,4-5-1,TOKGOZ;KERE;YAVUZ;ABBAS;ASLANTAS;GUNGOR;TORAMAN;SAHIN;ACAR;GRAJCIAR;THIERRY FIDJEU TAZEMETA
Sivasspor vs. Konyaspor - Sunday December 12 - 2010,Sivasspor,hard,4-4-2,RAMOVIC;BAYRAK;DIALLO;ERDAL;KAVUK;BEKMEZCI;NAS;KILIC;YILMAZ;PEDRIEL;YILDIZ
Bursaspor vs. Kasimpasa - Monday December 13 - 2010,Bursaspor,hard,4-2-3-1,IVANKOV;AZIZ;ERDOGAN;SVENSSON;WEDERSON;KECELI;ERGIC;BATALLA;IPEK;YILDIRIM;BAHADIR
Bursaspor vs. Kasimpasa - Monday December 13 - 2010,Kasimpasa,hard,4-5-1,OZGEN;ONER;ACIL;KAPLAN;TEBER;VARELA;KELLER;SARMOV;KURTULUS;KALA;GULEC
Trabzonspor vs. Kardemir Dc Karabukspor - Friday December 17 - 2010,Kardemir Dc Karabukspor,hard,4-4-2,TOMIC;BAL;DEUMI;SELVI;SERIC;ZENGIN;HIKMET;OZMERT;AVCI;EMENIKE;PARLAK
Trabzonspor vs. Kardemir Dc Karabukspor - Friday December 17 - 2010,Trabzonspor,easy,4-2-3-1,KIVRAK;KACAR;KORKMAZ;YUMLU;CALE;GULSELAM;INAN;ALANZINHO;BAYTAR;YILMAZ;BULUT
Antalyaspor vs. Ankaragucu - Saturday December 18 - 2010,Ankaragucu,hard,4-2-3-1,SENECKY;RAJNOCH;ZEWLAKOW;KLUKOWSKI;KAGAN SOYLEMEZGILLER;KOCAK;VAROL;SAPARA;SAHIN;CAKIR;SESTAK
Antalyaspor vs. Ankaragucu - Saturday December 18 - 2010,Antalyaspor,hard,4-3-3,CATKIC;BARIS;RADELJIC;TUNCER;SEKMAN;AGCAY;SERAS;INCEMAN;TITA;ATES;CIHAN
Fenerbahce vs. Sivasspor - Saturday December 18 - 2010,Fenerbahce,easy,4-2-3-1,DEMIREL;IRTEGUN;YOBO;SANTOS;GONUL;IRAVUL;CRISTIAN;TOPUZ;ALEX;DIA;NIANG
Fenerbahce vs. Sivasspor - Saturday December 18 - 2010,Sivasspor,hard,4-2-3-1,RAMOVIC;DIALLO;IVANOVS;ERDAL;KAVUK;BEKMEZCI;KEITA;NAS;KILIC;YILMAZ;PEDRIEL
Genclerbirligi vs. Bursaspor - Saturday December 18 - 2010,Bursaspor,hard,4-2-3-1,IVANKOV;AZIZ;ERDOGAN;SVENSSON;WEDERSON;KECELI;ERGIC;BATALLA;IPEK;YILDIRIM;BAHADIR
Genclerbirligi vs. Bursaspor - Saturday December 18 - 2010,Genclerbirligi,hard,4-2-3-1,KULBILGE;DEMIR;KULUSIC;KALKAN;SAM;CAN;AYDOGDU;DELIBALTA;MERIC;CALIK;MEHMET
Kayserispor vs. Bucaspor - Saturday December 18 - 2010,Bucaspor,hard,4-5-1,FERNANDES;BAHTIYAROGLU;COLGECEN;MULEMO;COREKCI;LEKO;BASDAG;TASKIRAN;KAYA;AYDIN;MANUCHO
Kayserispor vs. Bucaspor - Saturday December 18 - 2010,Kayserispor,hard,4-2-3-1,HAMIDOU;ALEKSANDRE AMISULASHVILI;CAKIR;KESIMAL;KALDIRIM;BILGIN;DURAK;TEBER;ANDRE MORITZ;BOYRAZ;OZGEN
Besiktas vs. Gaziantepspor - Sunday December 19 - 2010,Besiktas,easy,4-5-1,GONEN;GULUM;FINK;TORAMAN;HILBERT;MEHMET AURELIO;KOYBASI;TABATA;QUARESMA;KUCIK;NOBRE
Besiktas vs. Gaziantepspor - Sunday December 19 - 2010,Gaziantepspor,hard,4-2-3-1,KARCEMARSKAS;AYHAN;GUNGOR;SUME;IVAN;KURTULUS;GULLE;CEYLAN;POPOV;ADIN;CESAR
Kasimpasa vs. Eskisehirspor - Sunday December 19 - 2010,Eskisehirspor,hard,4-2-3-1,IVESA;COSKUN;DIEGO ANGELO;NADAREVIC;SARI;ERTUGRUL;OZTURK;POTUK;ZENGIN;ESER;KARADENIZ
Kasimpasa vs. Eskisehirspor - Sunday December 19 - 2010,Kasimpasa,hard,4-5-1,OZGEN;ONER;ACIL;KAPLAN;TEBER;VARELA;KELLER;SARMOV;KURTULUS;KALA;GULEC
Konyaspor vs. Galatasaray - Sunday December 19 - 2010,Galatasaray,easy,4-3-3,ERCETIN;BIRINCI;CETIN;NEILL;ZAN;BALTA;CANA;AKMAN;KEWELL;OZKAN;DILAVER
Konyaspor vs. Galatasaray - Sunday December 19 - 2010,Konyaspor,hard,4-4-2,TOKGOZ;KERE;YAVUZ;ABBAS;DERE;ASLANTAS;TORAMAN;ACAR;SAHIN;GRAJCIAR;THIERRY FIDJEU TAZEMETA
Manisaspor vs. Buyuksehir Belediyespor - Sunday December 19 - 2010,Buyuksehir Belediyespor,hard,4-3-3,BAHADIR;ARAT;SAHIN;KUS;TEKDEMIR;HASPOLATLI;HOLMEN;KORKMAZ;AKIN;KOSE;TUM
Manisaspor vs. Buyuksehir Belediyespor - Sunday December 19 - 2010,Manisaspor,hard,4-3-3,AVCIBAY;DIXON;KALABANE;AYDIN;COKMUS;INCEDEMIR;YILMAZ;GUVEN;PROMISE;KAHE;MAKUKULA
Besiktas vs. Bucaspor - Friday January 21 - 2011,Besiktas,easy,4-4-2,GONEN;GULUM;TORAMAN;HILBERT;MEHMET AURELIO;GUTI;KOYBASI;SIMAO;QUARESMA;ALMEIDA;NOBRE
Besiktas vs. Bucaspor - Friday January 21 - 2011,Bucaspor,hard,4-2-3-1,LONDAK;COLGECEN;GURACAR;COREKCI;CETIN;LEKO;BASDAG;TASKIRAN;KAYA;AYDIN;BETO
Antalyaspor vs. Fenerbahce - Saturday January 22 - 2011,Antalyaspor,hard,4-3-3,CATKIC;TURAN;BARIS;TUNCER;SEKMAN;DAGASAN;AGCAY;INCEMAN;TITA;ATES;YILMAZ
Antalyaspor vs. Fenerbahce - Saturday January 22 - 2011,Fenerbahce,easy,4-2-3-1,DEMIREL;LUGANO;YOBO;SANTOS;GONUL;SAHIN;BELOZOGLU;TOPUZ;ALEX;NIANG;SENTURK
Genclerbirligi vs. Eskisehirspor - Saturday January 22 - 2011,Eskisehirspor,hard,4-1-4-1,IVESA;COSKUN;DIEGO ANGELO;SADYQOV;YAMAN;PELE;OZTURK;TELLO;ZENGIN;ESER;KARADENIZ
Genclerbirligi vs. Eskisehirspor - Saturday January 22 - 2011,Genclerbirligi,hard,4-4-2,KULBILGE;DEMIR;KULUSIC;OZSARAC;KALKAN;CAN;AZOFEIFA;ZEC;MERIC;MUNUNGA;OZTEKIN
Manisaspor vs. Kardemir Dc Karabukspor - Saturday January 22 - 2011,Kardemir Dc Karabukspor,hard,4-5-1,TOMIC;OZDIN;BAL;SERIC;ZENGIN;SOYLER;HIKMET;OZMERT;AVCI;EMENIKE;PARLAK
Manisaspor vs. Kardemir Dc Karabukspor - Saturday January 22 - 2011,Manisaspor,hard,4-4-2,AVCIBAY;TOK;DIXON;AYDIN;BARIS;INCEDEMIR;GUVEN;SIMPSON;GOKOGLAN;PROMISE;KAHE
Trabzonspor vs. Ankaragucu - Saturday January 22 - 2011,Ankaragucu,hard,4-2-3-1,KORK;RAJNOCH;ZEWLAKOW;UCAR;KOCAK;DURUER;VAROL;SAPARA;OZKAN;GABRIC;AKAN
Trabzonspor vs. Ankaragucu - Saturday January 22 - 2011,Trabzonspor,easy,4-4-2,KIVRAK;GLOWACKI;KACAR;CALE;BALCI;INAN;COLMAN;YATTARA;YILMAZ;JAJA;BULUT
Galatasaray vs. Sivasspor - Sunday January 23 - 2011,Galatasaray,easy,4-5-1,CEYLAN;CETIN;BALTA;SARIOGLU;CANA;AKMAN;CULIO;KURTULUS;OZBEK;COLAK;KAZIM-RICHARDS
Galatasaray vs. Sivasspor - Sunday January 23 - 2011,Sivasspor,hard,4-4-2,CELIKAY;NAVRATIL;RADA;YERLIKAYA;ERDAL;KAVUK;BEKMEZCI;KILIC;GROSICKI;PEDRIEL;YILDIZ
Kasimpasa vs. Gaziantepspor - Sunday January 23 - 2011,Gaziantepspor,hard,4-2-3-1,KARCEMARSKAS;GUNGOR;NOUNKEU;SUME;IVAN;GULLE;CEYLAN;JORGINHO;POPOV;ADIN;SOSA
Kasimpasa vs. Gaziantepspor - Sunday January 23 - 2011,Kasimpasa,hard,4-4-2,ABDUL;OZGEN;LUIZ HENRIQUE;ONER;KAPLAN;OCAL;TJIKUZU;VARELA;SARMOV;AYGUNES;KARADAS
Konyaspor vs. Bursaspor - Sunday January 23 - 2011,Bursaspor,hard,4-2-3-1,IVANKOV;AZIZ;ERDOGAN;SVENSSON;WEDERSON;TANDOGAN;ERGIC;BATALLA;IPEK;YILDIRIM;BAHADIR
Konyaspor vs. Bursaspor - Sunday January 23 - 2011,Konyaspor,hard,4-4-2,PAWELEK;YAVUZ;SEDEF;ASLANTAS;YUKSEKTEPE;CAGIRAN;ARSLAN;GUNGOR;GRAJCIAR;THIERRY FIDJEU TAZEMETA;ROBAK
Kayserispor vs. Buyuksehir Belediyespor - Monday January 24 - 2011,Buyuksehir Belediyespor,hard,4-4-2,HASAGIC;MARCUS VINICIUS;AKYUZ;EKSIOGLU;SUZEN;KUS;TEKDEMIR;HASPOLATLI;HOLMEN;ALIN;KOSE
Kayserispor vs. Buyuksehir Belediyespor - Monday January 24 - 2011,Kayserispor,hard,4-2-3-1,HAMIDOU;ALEKSANDRE AMISULASHVILI;CAKIR;KESIMAL;KALDIRIM;OZCAL;TEBER;DURAK;BOYRAZ;AMRABAT;KUJOVIC
Bucaspor vs. Kasimpasa - Saturday January 29 - 2011,Bucaspor,hard,4-4-2,LONDAK;COLGECEN;LEANDRAO;MULEMO;COREKCI;BASDAG;LEKO;BULBUL;AYDIN;MENDY;BETO
Bucaspor vs. Kasimpasa - Saturday January 29 - 2011,Kasimpasa,hard,4-4-2,ABDUL;SAHIN;LUIZ HENRIQUE;ROBLEDO;KAPLAN;TJIKUZU;OZTURK;COLAK;DIMITROV;GULEC;MARTIN
Bursaspor vs. Galatasaray - Saturday January 29 - 2011,Bursaspor,hard,4-2-3-1,IVANKOV;ERDOGAN;STEPANOV;SVENSSON;WEDERSON;TANDOGAN;HAS;BATALLA;IPEK;BAHADIR;MILLER
Bursaspor vs. Galatasaray - Saturday January 29 - 2011,Galatasaray,easy,4-5-1,CEYLAN;CETIN;BALTA;INSUA;SARIOGLU;AKMAN;CULIO;KURTULUS;OZBEK;COLAK;KAZIM-RICHARDS
Kardemir Dc Karabukspor vs. Kayserispor - Saturday January 29 - 2011,Kardemir Dc Karabukspor,hard,4-5-1,TOMIC;DEUMI;YOLDAS;SERIC;ZENGIN;SOYLER;HIKMET;OZMERT;KOCABEY;ANGELOV;PARLAK
Kardemir Dc Karabukspor vs. Kayserispor - Saturday January 29 - 2011,Kayserispor,hard,4-2-3-1,BABACAN;ALEKSANDRE AMISULASHVILI;KESIMAL;TURACI;KALDIRIM;OZCAL;TEBER;ZIANI;BOYRAZ;AMRABAT;KUJOVIC
Sivasspor vs. Antalyaspor - Saturday January 29 - 2011,Antalyaspor,hard,4-3-3,CATKIC;BARIS;TURAN;TUNCER;SEKMAN;AGCAY;DAGASAN;INCEMAN;TITA;ATES;YILMAZ
Sivasspor vs. Antalyaspor - Saturday January 29 - 2011,Sivasspor,hard,4-4-2,CELIKAY;NAVRATIL;RADA;SOZGELMEZ;KONUK;BEKMEZCI;KILIC;YILMAZ;GROSICKI;ENERAMO;YILDIZ
Ankaragucu vs. Manisaspor - Sunday January 30 - 2011,Ankaragucu,hard,4-4-2,ONGUN;RAJNOCH;ZEWLAKOW;UCAR;DURUER;KAGAN SOYLEMEZGILLER;VAROL;SAPARA;GABRIC;AKAN;SESTAK
Ankaragucu vs. Manisaspor - Sunday January 30 - 2011,Manisaspor,hard,4-4-2,AVCIBAY;DIXON;KALABANE;CEVAHIR;COKMUS;INCEDEMIR;GUVEN;SIMPSON;GOKOGLAN;PROMISE;KAHE
Buyuksehir Belediyespor vs. Besiktas - Sunday January 30 - 2011,Besiktas,easy,4-4-2,GONEN;SIVOK;TORAMAN;UZULMEZ;DAG;MEHMET AURELIO;GUTI;SIMAO;QUARESMA;ALMEIDA;NOBRE
Buyuksehir Belediyespor vs. Besiktas - Sunday January 30 - 2011,Buyuksehir Belediyespor,hard,4-3-3,HASAGIC;AKYUZ;MARCUS VINICIUS;EKSIOGLU;SAHIN;TEKDEMIR;HASPOLATLI;HOLMEN;AKIN;KOSE;UNAL
Fenerbahce vs. Trabzonspor - Sunday January 30 - 2011,Fenerbahce,easy,4-2-3-1,DEMIREL;LUGANO;YOBO;SANTOS;GONUL;SAHIN;BELOZOGLU;TOPUZ;ALEX;DIA;NIANG
Fenerbahce vs. Trabzonspor - Sunday January 30 - 2011,Trabzonspor,easy,4-2-3-1,KIVRAK;KACAR;KORKMAZ;CALE;BALCI;COLMAN;INAN;BAYTAR;YILMAZ;JAJA;BULUT
Gaziantepspor vs. Genclerbirligi - Sunday January 30 - 2011,Gaziantepspor,hard,4-2-3-1,KARCEMARSKAS;GUNGOR;NOUNKEU;SUME;IVAN;GULLE;CEYLAN;WAGNER;POPOV;ADIN;SOSA
Gaziantepspor vs. Genclerbirligi - Sunday January 30 - 2011,Genclerbirligi,hard,4-2-3-1,KULBILGE;BOZ;OZSARAC;KALKAN;CAN;AZOFEIFA;AKGUN;DELIBALTA;ZEC;CALIK;MUNUNGA
Eskisehirspor vs. Konyaspor - Monday January 31 - 2011,Eskisehirspor,hard,4-2-3-1,IVESA;COSKUN;DIEGO ANGELO;NADAREVIC;YAMAN;PELE;OZTURK;POTUK;TELLO;ESER;KARAN
Eskisehirspor vs. Konyaspor - Monday January 31 - 2011,Konyaspor,hard,4-5-1,PAWELEK;YAVUZ;ZAYATTE;SEDEF;ASLANTAS;ARSLAN;YUKSEKTEPE;CAGIRAN;BARUT;GUNGOR;ROBAK
Bursaspor vs. Sivasspor - Friday February 4 - 2011,Bursaspor,hard,4-2-3-1,IVANKOV;ERDOGAN;STEPANOV;SVENSSON;WEDERSON;TANDOGAN;HAS;BATALLA;IPEK;YILDIRIM;MILLER
Bursaspor vs. Sivasspor - Friday February 4 - 2011,Sivasspor,hard,4-4-2,CELIKAY;NAVRATIL;RADA;ERDAL;YERLIKAYA;KAVUK;BEKMEZCI;KILIC;GROSICKI;ENERAMO;YILDIZ
Besiktas vs. Kardemir Dc Karabukspor - Saturday February 5 - 2011,Besiktas,easy,4-4-2,ARIKAN;SIVOK;TORAMAN;UZULMEZ;HILBERT;DAG;ERNST;FERNANDES;SIMAO;ALMEIDA;NOBRE
Besiktas vs. Kardemir Dc Karabukspor - Saturday February 5 - 2011,Kardemir Dc Karabukspor,hard,4-4-2,TOMIC;DEUMI;YOLDAS;SERIC;ZENGIN;SOYLER;HIKMET;OZMERT;KOCABEY;EMENIKE;PARLAK
Kasimpasa vs. Buyuksehir Belediyespor - Saturday February 5 - 2011,Buyuksehir Belediyespor,hard,4-3-3,HASAGIC;DEPE;MARCUS VINICIUS;EKSIOGLU;SAHIN;TEKDEMIR;HASPOLATLI;HOLMEN;AKIN;GUZELDAL;UNAL
Kasimpasa vs. Buyuksehir Belediyespor - Saturday February 5 - 2011,Kasimpasa,hard,4-4-2,SAHIN;LUIZ HENRIQUE;ROBLEDO;TEBER;OCAL;KELLER;SARMOV;DIMITROV;KALA;GULEC;MARTIN
Kayserispor vs. Ankaragucu - Saturday February 5 - 2011,Ankaragucu,hard,4-2-3-1,KORK;RAJNOCH;ZEWLAKOW;KLUKOWSKI;UCAR;DURUER;KOCAK;SAPARA;GABRIC;OZKAN;SESTAK
Kayserispor vs. Ankaragucu - Saturday February 5 - 2011,Kayserispor,hard,4-4-2,BABACAN;ALEKSANDRE AMISULASHVILI;CAKIR;KESIMAL;KALDIRIM;SANTANA;TEBER;ZIANI;AMRABAT;SISMANOGLU;ZALAYETA
Manisaspor vs. Fenerbahce - Saturday February 5 - 2011,Fenerbahce,easy,4-2-3-1,DEMIREL;IRTEGUN;LUGANO;YOBO;SANTOS;BELOZOGLU;CRISTIAN;TOPUZ;ALEX;NIANG;SENTURK
Manisaspor vs. Fenerbahce - Saturday February 5 - 2011,Manisaspor,hard,4-4-2,AVCIBAY;DIXON;KALABANE;BARIS;COKMUS;INCEDEMIR;GUVEN;SIMPSON;PROMISE;GOKOGLAN;KAHE
Galatasaray vs. Eskisehirspor - Sunday February 6 - 2011,Eskisehirspor,hard,4-2-3-1,IVESA;COSKUN;DIEGO ANGELO;NADAREVIC;YAMAN;ERTUGRUL;PELE;POTUK;ZENGIN;ESER;KARAN
Galatasaray vs. Eskisehirspor - Sunday February 6 - 2011,Galatasaray,easy,4-3-3,ZAPATA;CETIN;NEILL;BALTA;KURTULUS;SARIOGLU;CANA;CULIO;KEWELL;KAZIM-RICHARDS;STANCU
Genclerbirligi vs. Bucaspor - Sunday February 6 - 2011,Bucaspor,hard,4-4-2,LONDAK;COLGECEN;LEANDRAO;MULEMO;COREKCI;BASDAG;LEKO;BULBUL;AYDIN;MENDY;BETO
Genclerbirligi vs. Bucaspor - Sunday February 6 - 2011,Genclerbirligi,hard,4-2-3-1,KULBILGE;BOZ;OZSARAC;KALKAN;CAN;AKGUN;HARBUZI;DELIBALTA;ZEC;CALIK;MUNUNGA
Konyaspor vs. Gaziantepspor - Sunday February 6 - 2011,Gaziantepspor,hard,4-2-3-1,KARCEMARSKAS;GUNGOR;NOUNKEU;SUME;CAN;CEYLAN;ZURITA;JORGINHO;POPOV;SOSA;TOSUN
Konyaspor vs. Gaziantepspor - Sunday February 6 - 2011,Konyaspor,hard,4-4-2,PAWELEK;KERE;MEJIA;ZAYATTE;ASLANTAS;CAGIRAN;YUKSEKTEPE;SAHIN;ACAR;BATDAL;ROBAK
Trabzonspor vs. Antalyaspor - Sunday February 6 - 2011,Antalyaspor,hard,4-3-3,CATKIC;RADELJIC;TURAN;TUNCER;SEKMAN;AGCAY;DAGASAN;SERAS;TITA;ZITOUNI;YILMAZ
Trabzonspor vs. Antalyaspor - Sunday February 6 - 2011,Trabzonspor,easy,4-2-3-1,KIVRAK;KACAR;YUMLU;CALE;BALCI;COLMAN;INAN;BAYTAR;YILMAZ;JAJA;BULUT
Bucaspor vs. Konyaspor - Saturday February 12 - 2011,Bucaspor,hard,4-4-2,LONDAK;COLGECEN;LEANDRAO;MULEMO;COREKCI;LEKO;BASDAG;TASKIRAN;AYDIN;MENDY;BETO
Bucaspor vs. Konyaspor - Saturday February 12 - 2011,Konyaspor,hard,4-5-1,PAWELEK;KERE;YAVUZ;ABBAS;ASLANTAS;BARUT;CAGIRAN;ARSLAN;GRAJCIAR;MONTANO;ROBAK
Buyuksehir Belediyespor vs. Genclerbirligi - Saturday February 12 - 2011,Buyuksehir Belediyespor,hard,4-3-3,HASAGIC;MARCUS VINICIUS;DEPE;EKSIOGLU;SAHIN;TEKDEMIR;HASPOLATLI;HOLMEN;AKIN;GUZELDAL;UNAL
Buyuksehir Belediyespor vs. Genclerbirligi - Saturday February 12 - 2011,Genclerbirligi,hard,4-2-3-1,KULBILGE;BOZ;OZSARAC;KALKAN;CAN;JEDINAK;AKGUN;DELIBALTA;HARBUZI;ZEC;CALIK
Gaziantepspor vs. Galatasaray - Saturday February 12 - 2011,Galatasaray,easy,4-4-2,ZAPATA;CETIN;NEILL;BALTA;KURTULUS;SARIOGLU;CANA;CULIO;KAZIM-RICHARDS;DILAVER;STANCU
Gaziantepspor vs. Galatasaray - Saturday February 12 - 2011,Gaziantepspor,hard,4-4-2,KARCEMARSKAS;GUNGOR;NOUNKEU;SUME;IVAN;GUCER;CEYLAN;WAGNER;POPOV;SOSA;TOSUN
Sivasspor vs. Trabzonspor - Saturday February 12 - 2011,Sivasspor,hard,4-4-2,CELIKAY;NAVRATIL;RADA;ERDAL;DERELI;KAVUK;BEKMEZCI;KILIC;GROSICKI;ENERAMO;YILDIZ
Sivasspor vs. Trabzonspor - Saturday February 12 - 2011,Trabzonspor,easy,4-2-3-1,KIVRAK;GLOWACKI;YUMLU;BROZEK;BALCI;COLMAN;INAN;BAYTAR;YILMAZ;JAJA;BULUT
Ankaragucu vs. Besiktas - Sunday February 13 - 2011,Ankaragucu,hard,4-2-3-1,KORK;COGUM;RAJNOCH;TOSCALI;ZEWLAKOW;DURUER;KOCAK;SAPARA;GABRIC;OZKAN;SESTAK
Ankaragucu vs. Besiktas - Sunday February 13 - 2011,Besiktas,easy,4-4-2,ARIKAN;SIVOK;TORAMAN;UZULMEZ;DAG;HILBERT;MEHMET AURELIO;FERNANDES;SIMAO;ALMEIDA;NOBRE
Antalyaspor vs. Manisaspor - Sunday February 13 - 2011,Antalyaspor,hard,4-3-3,CATKIC;BARIS;TURAN;TUNCER;SEKMAN;AGCAY;SERAS;INCEMAN;TITA;ZITOUNI;ATES
Antalyaspor vs. Manisaspor - Sunday February 13 - 2011,Manisaspor,hard,4-3-3,AVCIBAY;DIXON;TOK;BARIS;COKMUS;INCEDEMIR;GUVEN;ERDOGAN;SIMPSON;PROMISE;KAHE
Eskisehirspor vs. Bursaspor - Sunday February 13 - 2011,Bursaspor,hard,4-2-3-1,IVANKOV;ERDOGAN;STEPANOV;WEDERSON;TANDOGAN;CIMSIR;ERGIC;INSUA;IPEK;ALTIDORE;MILLER
Eskisehirspor vs. Bursaspor - Sunday February 13 - 2011,Eskisehirspor,hard,4-2-3-1,IVESA;COSKUN;DIEGO ANGELO;NADAREVIC;YAMAN;OZTURK;POTUK;TELLO;ZENGIN;ESER;KARADENIZ
Kardemir Dc Karabukspor vs. Kasimpasa - Sunday February 13 - 2011,Kardemir Dc Karabukspor,hard,4-5-1,TOMIC;YOLDAS;DEUMI;BAL;SERIC;SOYLER;HIKMET;OZMERT;KOCABEY;ANGELOV;PARLAK
Kardemir Dc Karabukspor vs. Kasimpasa - Sunday February 13 - 2011,Kasimpasa,hard,4-4-2,OZGEN;LUIZ HENRIQUE;ROBLEDO;TEBER;OCAL;KELLER;SARMOV;COLAK;KALA;GULEC;MARTIN
Fenerbahce vs. Kayserispor - Monday February 14 - 2011,Fenerbahce,easy,4-2-3-1,DEMIREL;LUGANO;YOBO;SANTOS;GONUL;SAHIN;TOPUZ;ALEX;HURMACI;DIA;NIANG
Fenerbahce vs. Kayserispor - Monday February 14 - 2011,Kayserispor,hard,4-2-3-1,BABACAN;ALEKSANDRE AMISULASHVILI;CAKIR;KESIMAL;KALDIRIM;TEBER;SANTANA;DURAK;ZIANI;AMRABAT;ZALAYETA
Eskisehirspor vs. Sivasspor - Friday February 18 - 2011,Eskisehirspor,hard,4-2-3-1,IVESA;COSKUN;DIEGO ANGELO;NADAREVIC;YAMAN;OZTURK;POTUK;TELLO;ZENGIN;OZBAYRAKTAR;KARAN
Eskisehirspor vs. Sivasspor - Friday February 18 - 2011,Sivasspor,hard,4-4-2,CELIKAY;BAYRAK;NAVRATIL;RADA;ERDAL;KAVUK;BEKMEZCI;KILIC;GROSICKI;PEDRIEL;YILDIZ
Bursaspor vs. Gaziantepspor - Saturday February 19 - 2011,Bursaspor,hard,4-2-3-1,IVANKOV;ERDOGAN;OZTURK;WEDERSON;KECELI;CIMSIR;ERGIC;BATALLA;SEN;ALTIDORE;MILLER
Bursaspor vs. Gaziantepspor - Saturday February 19 - 2011,Gaziantepspor,hard,4-4-2,KARCEMARSKAS;AYHAN;NOUNKEU;SUME;IVAN;GUCER;CEYLAN;WAGNER;POPOV;SOSA;TOSUN
Galatasaray vs. Bucaspor - Saturday February 19 - 2011,Bucaspor,hard,4-4-2,LONDAK;AK;YANIK;MULEMO;COREKCI;TUNCER;BASDAG;TASKIRAN;KAYA;MENDY;BETO
Galatasaray vs. Bucaspor - Saturday February 19 - 2011,Galatasaray,easy,4-4-2,ZAPATA;BIRINCI;CETIN;NEILL;KURTULUS;SARIOGLU;CANA;CULIO;KAZIM-RICHARDS;BAROS;STANCU
Genclerbirligi vs. Kardemir Dc Karabukspor - Saturday February 19 - 2011,Genclerbirligi,hard,4-2-3-1,KULBILGE;BOZ;OZSARAC;KALKAN;CAN;JEDINAK;AKGUN;HARBUZI;ZEC;CALIK;MUNUNGA
Genclerbirligi vs. Kardemir Dc Karabukspor - Saturday February 19 - 2011,Kardemir Dc Karabukspor,hard,4-5-1,TOMIC;YOLDAS;DEUMI;SERIC;COELHO;SOYLER;RAGUED;AKIN;OZMERT;KOCABEY;PARLAK
Kasimpasa vs. Ankaragucu - Saturday February 19 - 2011,Ankaragucu,hard,4-2-3-1,OLGUN;RAJNOCH;TOSCALI;ZEWLAKOW;DURUER;KOCAK;KAGAN SOYLEMEZGILLER;SAPARA;GABRIC;OZKAN;SESTAK
Kasimpasa vs. Ankaragucu - Saturday February 19 - 2011,Kasimpasa,hard,4-4-2,OZGEN;LUIZ HENRIQUE;ROBLEDO;TEBER;OCAL;KELLER;SARMOV;COLAK;KALA;GULEC;MARTIN
Besiktas vs. Fenerbahce - Sunday February 20 - 2011,Besiktas,easy,4-5-1,RECBER;FERRARI;TORAMAN;DAG;ERNST;UYSAL;GUTI;KOYBASI;SIMAO;QUARESMA;ALMEIDA
Besiktas vs. Fenerbahce - Sunday February 20 - 2011,Fenerbahce,easy,4-2-3-1,DEMIREL;LUGANO;YOBO;SANTOS;GONUL;SAHIN;BELOZOGLU;TOPUZ;ALEX;DIA;NIANG
Kayserispor vs. Antalyaspor - Sunday February 20 - 2011,Antalyaspor,hard,4-3-3,CATKIC;BARIS;RADELJIC;TURAN;TUNCER;DAGASAN;AGCAY;INCEMAN;TITA;OZER;YILMAZ
Kayserispor vs. Antalyaspor - Sunday February 20 - 2011,Kayserispor,hard,4-2-3-1,HAMIDOU;KESIMAL;TURACI;KALDIRIM;YILMAZ;TEBER;DURAK;ANDRE MORITZ;ZIANI;AMRABAT;ZALAYETA
Konyaspor vs. Buyuksehir Belediyespor - Sunday February 20 - 2011,Buyuksehir Belediyespor,hard,4-3-3,HASAGIC;AKYUZ;DEPE;EKSIOGLU;SUZEN;KUS;HASPOLATLI;KORKMAZ;GUZELDAL;AKIN;UNAL
Konyaspor vs. Buyuksehir Belediyespor - Sunday February 20 - 2011,Konyaspor,hard,4-5-1,PAWELEK;KERE;ZAYATTE;SEDEF;ASLANTAS;BARUT;GUNGOR;ACAR;GRAJCIAR;MONTANO;ROBAK
Manisaspor vs. Trabzonspor - Monday February 21 - 2011,Manisaspor,hard,4-3-3,AVCIBAY;DIXON;TOK;BARIS;COKMUS;INCEDEMIR;ERDOGAN;IWANSKI;SIMPSON;PROMISE;KAHE
Manisaspor vs. Trabzonspor - Monday February 21 - 2011,Trabzonspor,easy,4-2-3-1,KIVRAK;GLOWACKI;YUMLU;CALE;BALCI;GULSELAM;COLMAN;INAN;YILMAZ;JAJA;BULUT
Bucaspor vs. Bursaspor - Friday February 25 - 2011,Bucaspor,hard,4-4-2,LONDAK;COLGECEN;LEANDRAO;YANIK;MULEMO;COREKCI;LEKO;TUNCER;TASKIRAN;KAYA;MENDY
Bucaspor vs. Bursaspor - Friday February 25 - 2011,Bursaspor,hard,4-2-3-1,IVANKOV;AZIZ;OZTURK;SVENSSON;KECELI;TANDOGAN;ERGIC;BATALLA;IPEK;SEN;MILLER
Ankaragucu vs. Genclerbirligi - Saturday February 26 - 2011,Ankaragucu,hard,4-2-3-1,ONGUN;RAJNOCH;TOSCALI;ZEWLAKOW;KOCAK;KAGAN SOYLEMEZGILLER;DURUER;SAPARA;OZKAN;SESTAK;TEKKE
Ankaragucu vs. Genclerbirligi - Saturday February 26 - 2011,Genclerbirligi,hard,4-2-3-1,KULBILGE;DEMIR;OZSARAC;KALKAN;SAM;CAN;AZOFEIFA;DELIBALTA;MERIC;CALIK;MUNUNGA
Buyuksehir Belediyespor vs. Galatasaray - Saturday February 26 - 2011,Buyuksehir Belediyespor,hard,4-2-3-1,BAHADIR;ARAT;DEPE;EKSIOGLU;SUZEN;KUS;TEKDEMIR;HASPOLATLI;HOLMEN;AKIN;UNAL
Buyuksehir Belediyespor vs. Galatasaray - Saturday February 26 - 2011,Galatasaray,easy,4-4-2,ZAPATA;BIRINCI;CETIN;KURTULUS;SARIOGLU;CANA;SARP;CULIO;KAZIM-RICHARDS;BAROS;STANCU
Fenerbahce vs. Kasimpasa - Saturday February 26 - 2011,Fenerbahce,easy,4-2-3-1,DEMIREL;LUGANO;YOBO;SANTOS;GONUL;SAHIN;BELOZOGLU;TOPUZ;ALEX;DIA;NIANG
Fenerbahce vs. Kasimpasa - Saturday February 26 - 2011,Kasimpasa,hard,4-4-2,KOCAOGLU;LUIZ HENRIQUE;ROBLEDO;KAPLAN;TEBER;VARELA;OCAL;KELLER;COLAK;DIMITROV;KARADAS
Gaziantepspor vs. Eskisehirspor - Saturday February 26 - 2011,Eskisehirspor,hard,4-2-3-1,IVESA;COSKUN;DIEGO ANGELO;YAMAN;ARSLAN;PELE;OZTURK;POTUK;ZENGIN;OZBAYRAKTAR;ESER
Gaziantepspor vs. Eskisehirspor - Saturday February 26 - 2011,Gaziantepspor,hard,4-2-3-1,KARCEMARSKAS;AYHAN;NOUNKEU;CAN;IVAN;GUCER;CEYLAN;WAGNER;POPOV;SOSA;TOSUN
Kardemir Dc Karabukspor vs. Konyaspor - Sunday February 27 - 2011,Kardemir Dc Karabukspor,hard,4-5-1,TOMIC;DEUMI;OZDIN;SERIC;COELHO;SOYLER;RAGUED;AKIN;OZMERT;CERNAT;PARLAK
Kardemir Dc Karabukspor vs. Konyaspor - Sunday February 27 - 2011,Konyaspor,hard,4-5-1,PAWELEK;KERE;ZAYATTE;SEDEF;ASLANTAS;BARUT;GUNGOR;ACAR;GRAJCIAR;MONTANO;THIERRY FIDJEU TAZEMETA
Sivasspor vs. Manisaspor - Sunday February 27 - 2011,Manisaspor,hard,4-3-3,AVCIBAY;DIXON;TOK;CEVAHIR;BARIS;INCEDEMIR;GUVEN;ERDOGAN;SIMPSON;GOKOGLAN;KAHE
Sivasspor vs. Manisaspor - Sunday February 27 - 2011,Sivasspor,hard,4-2-3-1,KAMENAR;BAYRAK;NAVRATIL;ERDAL;KAVUK;BEKMEZCI;NAS;KILIC;YILMAZ;GROSICKI;ENERAMO
Trabzonspor vs. Kayserispor - Sunday February 27 - 2011,Kayserispor,hard,4-2-3-1,HAMIDOU;CAKIR;KESIMAL;TURACI;KALDIRIM;DURAK;TEBER;ZIANI;AMRABAT;AYDILEK;KUJOVIC
Trabzonspor vs. Kayserispor - Sunday February 27 - 2011,Trabzonspor,easy,4-2-3-1,KIVRAK;GLOWACKI;YUMLU;CALE;BALCI;GULSELAM;COLMAN;ALANZINHO;YILMAZ;JAJA;BULUT
Antalyaspor vs. Besiktas - Monday February 28 - 2011,Antalyaspor,hard,4-4-2,CATKIC;BARIS;RADELJIC;TUNCER;SEKMAN;DAGASAN;INCEMAN;TITA;OZER;ATES;YILMAZ
Antalyaspor vs. Besiktas - Monday February 28 - 2011,Besiktas,easy,4-5-1,RECBER;SIVOK;TORAMAN;DAG;MEHMET AURELIO;UYSAL;GUTI;KOYBASI;SIMAO;QUARESMA;BOBO
Kayserispor vs. Manisaspor - Friday March 4 - 2011,Kayserispor,hard,4-2-3-1,HAMIDOU;KESIMAL;TURACI;KALDIRIM;YILMAZ;TEBER;ANDRE MORITZ;ZIANI;BOYRAZ;AMRABAT;KUJOVIC
Kayserispor vs. Manisaspor - Friday March 4 - 2011,Manisaspor,hard,4-5-1,AVCIBAY;KALABANE;TOK;BARIS;COKMUS;INCEDEMIR;GUVEN;IWANSKI;ERDOGAN;OZEK;MANUCHO
Galatasaray vs. Kardemir Dc Karabukspor - Saturday March 5 - 2011,Galatasaray,easy,4-3-3,ZAPATA;CETIN;NEILL;ZAN;BALTA;CANA;CULIO;KURTULUS;KAZIM-RICHARDS;BAROS;STANCU
Galatasaray vs. Kardemir Dc Karabukspor - Saturday March 5 - 2011,Kardemir Dc Karabukspor,hard,4-2-3-1,TOMIC;DEUMI;OZDIN;SERIC;COELHO;SOYLER;RAGUED;AKIN;OZMERT;CERNAT;PARLAK
Gaziantepspor vs. Sivasspor - Saturday March 5 - 2011,Gaziantepspor,hard,4-2-3-1,KARCEMARSKAS;GUNGOR;NOUNKEU;SUME;CAN;GUCER;CEYLAN;WAGNER;POPOV;SOSA;TOSUN
Gaziantepspor vs. Sivasspor - Saturday March 5 - 2011,Sivasspor,hard,4-2-3-1,CELIKAY;BAYRAK;NAVRATIL;ERDAL;YERLIKAYA;BEKMEZCI;NAS;KILIC;YILMAZ;GROSICKI;ENERAMO
Konyaspor vs. Ankaragucu - Saturday March 5 - 2011,Ankaragucu,hard,4-2-3-1,ONGUN;RAJNOCH;TOSCALI;KLUKOWSKI;UCAR;DURUER;KOCAK;SAPARA;GABRIC;SESTAK;VITTEK
Konyaspor vs. Ankaragucu - Saturday March 5 - 2011,Konyaspor,hard,4-5-1,PAWELEK;KERE;ZAYATTE;SEDEF;ASLANTAS;BARUT;GUNGOR;GRAJCIAR;EMRECIKSIN;TOSUN;ROBAK
Besiktas vs. Trabzonspor - Sunday March 6 - 2011,Besiktas,easy,4-2-3-1,RECBER;TORAMAN;SIVOK;DAG;HILBERT;UYSAL;GUTI;KOYBASI;FERNANDES;SIMAO;BOBO
Besiktas vs. Trabzonspor - Sunday March 6 - 2011,Trabzonspor,easy,4-4-2,KIVRAK;GLOWACKI;KACAR;BROZEK;CALE;BALCI;COLMAN;INAN;YILMAZ;JAJA;BULUT
Bursaspor vs. Buyuksehir Belediyespor - Sunday March 6 - 2011,Bursaspor,hard,4-2-3-1,IVANKOV;AZIZ;OZTURK;SVENSSON;KECELI;TANDOGAN;ERGIC;BATALLA;IPEK;ALTIDORE;MILLER
Bursaspor vs. Buyuksehir Belediyespor - Sunday March 6 - 2011,Buyuksehir Belediyespor,hard,4-3-3,BAHADIR;ARAT;SUZEN;KUS;HASPOLATLI;INANC;TEKDEMIR;KORKMAZ;AKIN;HOLOSKO;KOSE
Eskisehirspor vs. Bucaspor - Sunday March 6 - 2011,Bucaspor,hard,4-4-2,OZMEN;COLGECEN;LEANDRAO;YANIK;BASDAG;LEKO;TASKIRAN;AYDIN;KUCIK;MENDY;BETO
Eskisehirspor vs. Bucaspor - Sunday March 6 - 2011,Eskisehirspor,hard,4-2-3-1,IVESA;COSKUN;DIEGO ANGELO;NADAREVIC;YAMAN;ERTUGRUL;OZTURK;POTUK;OZBAYRAKTAR;ESER;KARAN
Kasimpasa vs. Antalyaspor - Sunday March 6 - 2011,Antalyaspor,hard,4-3-3,CATKIC;BARIS;TURAN;TUNCER;SEKMAN;AGCAY;DAGASAN;INCEMAN;TITA;ATES;YILMAZ
Kasimpasa vs. Antalyaspor - Sunday March 6 - 2011,Kasimpasa,hard,4-4-2,SAHIN;LUIZ HENRIQUE;ONER;ROBLEDO;TEBER;VARELA;KELLER;SARMOV;COLAK;AYGUNES;KARADAS
Genclerbirligi vs. Fenerbahce - Monday March 7 - 2011,Fenerbahce,easy,4-2-3-1,DEMIREL;IRTEGUN;LUGANO;YOBO;SANTOS;BELOZOGLU;TOPUZ;ALEX;HURMACI;DIA;NIANG
Genclerbirligi vs. Fenerbahce - Monday March 7 - 2011,Genclerbirligi,hard,4-2-3-1,KULBILGE;DEMIR;OZSARAC;SAM;CAN;AZOFEIFA;AKGUN;DELIBALTA;MERIC;CALIK;PEKTEMEK
Manisaspor vs. Besiktas - Friday March 11 - 2011,Besiktas,easy,4-3-3,RECBER;FERRARI;TORAMAN;PALA;HILBERT;DAG;MEHMET AURELIO;GUTI;FERNANDES;SIMAO;BOBO
Manisaspor vs. Besiktas - Friday March 11 - 2011,Manisaspor,hard,4-5-1,AVCIBAY;DIXON;TOK;BARIS;COKMUS;INCEDEMIR;GUVEN;IWANSKI;ERDOGAN;SIMPSON;MANUCHO
Buyuksehir Belediyespor vs. Eskisehirspor - Saturday March 12 - 2011,Buyuksehir Belediyespor,hard,4-3-3,HASAGIC;ARAT;EKSIOGLU;SAHIN;TEKDEMIR;HASPOLATLI;INANC;HOLMEN;AKIN;HOLOSKO;TUM
Buyuksehir Belediyespor vs. Eskisehirspor - Saturday March 12 - 2011,Eskisehirspor,hard,4-2-3-1,IVESA;COSKUN;DIEGO ANGELO;NADAREVIC;YAMAN;ERTUGRUL;OZTURK;ZENGIN;POTUK;ESER;KARAN
Kardemir Dc Karabukspor vs. Bursaspor - Saturday March 12 - 2011,Bursaspor,hard,4-2-3-1,IVANKOV;AZIZ;OZTURK;SVENSSON;KECELI;TANDOGAN;ERGIC;BATALLA;IPEK;ALTIDORE;MILLER
Kardemir Dc Karabukspor vs. Bursaspor - Saturday March 12 - 2011,Kardemir Dc Karabukspor,hard,4-5-1,TOMIC;DEUMI;OZDIN;SERIC;COELHO;ZENGIN;SOYLER;HIKMET;CERNAT;ANGELOV;PARLAK
Trabzonspor vs. Kasimpasa - Saturday March 12 - 2011,Kasimpasa,hard,4-5-1,KOCAOGLU;LUIZ HENRIQUE;ONER;ROBLEDO;TEBER;KELLER;SARMOV;OZTURK;COLAK;DIMITROV;KARADAS
Trabzonspor vs. Kasimpasa - Saturday March 12 - 2011,Trabzonspor,easy,4-4-2,KIVRAK;CORA;GLOWACKI;KACAR;BROZEK;COLMAN;INAN;YATTARA;BULUT;BROZEK;JAJA
Ankaragucu vs. Galatasaray - Sunday March 13 - 2011,Ankaragucu,hard,4-4-2,ONGUN;RAJNOCH;ZEWLAKOW;KLUKOWSKI;UCAR;KOCAK;SAPARA;OZKAN;GABRIC;SESTAK;TEKKE
Ankaragucu vs. Galatasaray - Sunday March 13 - 2011,Galatasaray,easy,4-5-1,ZAPATA;BIRINCI;CETIN;NEILL;BALTA;CANA;AKMAN;KEWELL;PINO;YILMAZ;STANCU
Antalyaspor vs. Genclerbirligi - Sunday March 13 - 2011,Antalyaspor,hard,4-3-3,CATKIC;BARIS;TURAN;TUNCER;SEKMAN;AGCAY;SERAS;INCEMAN;TITA;ATES;YILMAZ
Antalyaspor vs. Genclerbirligi - Sunday March 13 - 2011,Genclerbirligi,hard,4-2-3-1,KOSE;DEMIR;OZSARAC;SAM;CAN;AYGUN;AZOFEIFA;DELIBALTA;ZEC;MERIC;CALIK
Bucaspor vs. Gaziantepspor - Sunday March 13 - 2011,Bucaspor,hard,4-4-2,OZMEN;LEANDRAO;YANIK;COREKCI;BASDAG;LEKO;TUNCER;AYDIN;KUCIK;MENDY;BETO
Bucaspor vs. Gaziantepspor - Sunday March 13 - 2011,Gaziantepspor,hard,4-2-3-1,KARCEMARSKAS;GUNGOR;NOUNKEU;SUME;IVAN;GUCER;CEYLAN;WAGNER;POPOV;SOSA;TOSUN
Fenerbahce vs. Konyaspor - Sunday March 13 - 2011,Fenerbahce,easy,4-2-3-1,DEMIREL;IRTEGUN;YOBO;ERKIN;GONUL;BELOZOGLU;CRISTIAN;TOPUZ;ALEX;STOCH;NIANG
Fenerbahce vs. Konyaspor - Sunday March 13 - 2011,Konyaspor,hard,4-4-2,PAWELEK;MEJIA;YAVUZ;ZAYATTE;DERE;ASLANTAS;ARSLAN;GUNGOR;EMRECIKSIN;TOSUN;ROBAK
Sivasspor vs. Kayserispor - Sunday March 13 - 2011,Kayserispor,hard,4-4-2,HAMIDOU;CAKIR;TURACI;KALDIRIM;TEBER;YILMAZ;DURAK;ZIANI;AMRABAT;KUJOVIC;SISMANOGLU
Sivasspor vs. Kayserispor - Sunday March 13 - 2011,Sivasspor,hard,4-4-2,CELIKAY;BAYRAK;NAVRATIL;ERDAL;KAVUK;BEKMEZCI;NAS;KILIC;GROSICKI;ENERAMO;PEDRIEL
Galatasaray vs. Fenerbahce - Friday March 18 - 2011,Fenerbahce,easy,4-2-3-1,DEMIREL;LUGANO;YOBO;SANTOS;GONUL;SAHIN;CRISTIAN;TOPUZ;ALEX;HURMACI;NIANG
Galatasaray vs. Fenerbahce - Friday March 18 - 2011,Galatasaray,easy,4-4-2,ZAPATA;CETIN;NEILL;ZAN;BALTA;CANA;KURTULUS;CULIO;KAZIM-RICHARDS;BAROS;STANCU
Besiktas vs. Kayserispor - Saturday March 19 - 2011,Besiktas,easy,4-5-1,RECBER;FERRARI;TORAMAN;DAG;ERNST;UYSAL;GUTI;KOYBASI;SIMAO;QUARESMA;BOBO
Besiktas vs. Kayserispor - Saturday March 19 - 2011,Kayserispor,hard,4-2-3-1,HAMIDOU;KESIMAL;TURACI;KALDIRIM;TEBER;YILMAZ;DURAK;ZIANI;BOYRAZ;AMRABAT;ZALAYETA
Gaziantepspor vs. Buyuksehir Belediyespor - Saturday March 19 - 2011,Buyuksehir Belediyespor,hard,4-4-2,BAHADIR;AKYUZ;ARAT;SUZEN;BERISA;KAYALI;KORKMAZ;GUZELDAL;HOLOSKO;KOSE;TUM
Gaziantepspor vs. Buyuksehir Belediyespor - Saturday March 19 - 2011,Gaziantepspor,hard,4-2-3-1,KARCEMARSKAS;GUNGOR;NOUNKEU;SUME;IVAN;GUCER;CEYLAN;WAGNER;POPOV;ADIN;TOSUN
Kasimpasa vs. Manisaspor - Saturday March 19 - 2011,Kasimpasa,hard,4-4-2,KOCAOGLU;LUIZ HENRIQUE;ONER;ROBLEDO;TEBER;VARELA;KELLER;OZTURK;AYGUNES;KALA;KARADAS
Kasimpasa vs. Manisaspor - Saturday March 19 - 2011,Manisaspor,hard,4-5-1,AVCIBAY;DIXON;TOK;BARIS;COKMUS;INCEDEMIR;ERDOGAN;GUVEN;IWANSKI;SIMPSON;MAKUKULA
Konyaspor vs. Antalyaspor - Saturday March 19 - 2011,Antalyaspor,hard,4-3-3,CATKIC;BARIS;TURAN;OZKAYNAK;SEKMAN;DAGASAN;SERAS;INCEMAN;TITA;ATES;YILMAZ
Konyaspor vs. Antalyaspor - Saturday March 19 - 2011,Konyaspor,hard,4-5-1,PAWELEK;KERE;ZAYATTE;ABBAS;ASLANTAS;GUNGOR;ARSLAN;CAGIRAN;EMRECIKSIN;TOSUN;ROBAK
Bucaspor vs. Sivasspor - Sunday March 20 - 2011,Bucaspor,hard,4-4-2,OZMEN;AK;LEANDRAO;COREKCI;BASDAG;LEKO;TUNCER;TASKIRAN;KUCIK;MENDY;BETO
Bucaspor vs. Sivasspor - Sunday March 20 - 2011,Sivasspor,hard,4-4-2,CELIKAY;BAYRAK;NAVRATIL;RADA;YERLIKAYA;KAVUK;NAS;KILIC;GROSICKI;ENERAMO;PEDRIEL
Eskisehirspor vs. Kardemir Dc Karabukspor - Sunday March 20 - 2011,Eskisehirspor,hard,4-2-3-1,IVESA;COSKUN;DIEGO ANGELO;NADAREVIC;YAMAN;KAYA;PELE;OZTURK;ZENGIN;ESER;KARAN
Eskisehirspor vs. Kardemir Dc Karabukspor - Sunday March 20 - 2011,Kardemir Dc Karabukspor,hard,4-5-1,TOMIC;BAL;DEUMI;SERIC;COELHO;SOYLER;HIKMET;OZMERT;CERNAT;ANGELOV;PARLAK
Genclerbirligi vs. Trabzonspor - Sunday March 20 - 2011,Genclerbirligi,hard,4-4-2,KULBILGE;DEMIR;OZSARAC;SAM;CAN;AZOFEIFA;AKGUN;MERIC;CALIK;OZTEKIN;PEKTEMEK
Genclerbirligi vs. Trabzonspor - Sunday March 20 - 2011,Trabzonspor,easy,4-2-3-1,ZENGIN;CORA;GLOWACKI;KACAR;BROZEK;BALCI;COLMAN;INAN;YILMAZ;JAJA;BULUT
Bursaspor vs. Ankaragucu - Monday March 21 - 2011,Ankaragucu,hard,4-2-3-1,ONGUN;COGUM;RAJNOCH;ZEWLAKOW;KLUKOWSKI;CEK;KOCAK;KAGAN SOYLEMEZGILLER;SAPARA;GABRIC;BEDNAR
Bursaspor vs. Ankaragucu - Monday March 21 - 2011,Bursaspor,hard,4-3-3,IVANKOV;AZIZ;ERDOGAN;KECELI;TANDOGAN;HAS;BATALLA;INSUA;IPEK;SEN;MILLER
Ankaragucu vs. Eskisehirspor - Saturday April 2 - 2011,Ankaragucu,hard,4-4-2,ONGUN;RAJNOCH;TOSCALI;ZEWLAKOW;KLUKOWSKI;CEK;UCAR;KAGAN SOYLEMEZGILLER;OZKAN;TEKKE;VITTEK
Ankaragucu vs. Eskisehirspor - Saturday April 2 - 2011,Eskisehirspor,hard,4-1-4-1,IVESA;COSKUN;NADAREVIC;SARI;YAMAN;PELE;KAYA;OZTURK;POTUK;ESER;KARAN
Kardemir Dc Karabukspor vs. Gaziantepspor - Saturday April 2 - 2011,Gaziantepspor,hard,4-2-3-1,KARCEMARSKAS;GUNGOR;NOUNKEU;SUME;IVAN;GUCER;ZURITA;WAGNER;ADIN;SOSA;TOSUN
Kardemir Dc Karabukspor vs. Gaziantepspor - Saturday April 2 - 2011,Kardemir Dc Karabukspor,hard,4-5-1,TOMIC;BAL;DEUMI;SERIC;SOYLER;HIKMET;RAGUED;CERNAT;AVCI;ANGELOV;PARLAK
Sivasspor vs. Besiktas - Saturday April 2 - 2011,Besiktas,easy,4-5-1,GONEN;TORAMAN;SIVOK;DAG;MEHMET AURELIO;ERNST;KOYBASI;FERNANDES;SIMAO;QUARESMA;ALMEIDA
Sivasspor vs. Besiktas - Saturday April 2 - 2011,Sivasspor,hard,4-4-2,CELIKAY;BAYRAK;NAVRATIL;RADA;YERLIKAYA;KAVUK;BEKMEZCI;KILIC;GROSICKI;ENERAMO;PEDRIEL
Trabzonspor vs. Konyaspor - Saturday April 2 - 2011,Konyaspor,hard,4-2-3-1,PAWELEK;MEJIA;ZAYATTE;ABBAS;DERE;ASLANTAS;CAGIRAN;ARSLAN;GUNGOR;EMRECIKSIN;ROBAK
Trabzonspor vs. Konyaspor - Saturday April 2 - 2011,Trabzonspor,easy,4-2-3-1,ZENGIN;KACAR;KORKMAZ;BROZEK;BALCI;COLMAN;INAN;ALANZINHO;YILMAZ;JAJA;BULUT
Buyuksehir Belediyespor vs. Bucaspor - Sunday April 3 - 2011,Bucaspor,hard,4-5-1,LONDAK;AK;YANIK;TUNCER;BASDAG;LEKO;JEBRIN;TASKIRAN;AYDIN;ISLER;KUCIK
Buyuksehir Belediyespor vs. Bucaspor - Sunday April 3 - 2011,Buyuksehir Belediyespor,hard,4-3-3,BAHADIR;AKYUZ;ARAT;EKSIOGLU;SUZEN;KUS;HASPOLATLI;HOLMEN;AKIN;HOLOSKO;UNAL
Fenerbahce vs. Bursaspor - Sunday April 3 - 2011,Bursaspor,hard,4-2-3-1,IVANKOV;AZIZ;OZTURK;SVENSSON;WEDERSON;TANDOGAN;ERGIC;BATALLA;IPEK;SEN;MILLER
Fenerbahce vs. Bursaspor - Sunday April 3 - 2011,Fenerbahce,easy,4-2-3-1,DEMIREL;LUGANO;YOBO;SANTOS;GONUL;CRISTIAN;TOPUZ;ALEX;HURMACI;NIANG;SENTURK
Kayserispor vs. Kasimpasa - Sunday April 3 - 2011,Kasimpasa,hard,4-4-2,KOCAOGLU;LUIZ HENRIQUE;ROBLEDO;ONER;TEBER;KELLER;OZTURK;AYGUNES;COLAK;KALA;MARTIN
Kayserispor vs. Kasimpasa - Sunday April 3 - 2011,Kayserispor,hard,4-2-3-1,HAMIDOU;KESIMAL;TURACI;KALDIRIM;DURAK;YILMAZ;TEBER;ANDRE MORITZ;BOYRAZ;KUJOVIC;SISMANOGLU
Manisaspor vs. Genclerbirligi - Sunday April 3 - 2011,Genclerbirligi,hard,4-3-3,KULBILGE;BOZ;DEMIR;KALKAN;SAM;CAN;JEDINAK;DELIBALTA;MERIC;CALIK;PEKTEMEK
Manisaspor vs. Genclerbirligi - Sunday April 3 - 2011,Manisaspor,hard,4-4-2,AVCIBAY;DIXON;KALABANE;COKMUS;YILMAZ;ERDOGAN;SIMPSON;GOKOGLAN;OZEK;PROMISE;MAKUKULA
Antalyaspor vs. Galatasaray - Monday April 4 - 2011,Antalyaspor,hard,4-3-3,CATKIC;BARIS;TURAN;TUNCER;SEKMAN;DAGASAN;SERAS;INCEMAN;TITA;ATES;YILMAZ
Antalyaspor vs. Galatasaray - Monday April 4 - 2011,Galatasaray,easy,4-2-3-1,CEYLAN;CETIN;NEILL;BALTA;KURTULUS;CANA;KURTULUS;KEWELL;TURAN;PINO;STANCU
Bursaspor vs. Antalyaspor - Friday April 8 - 2011,Antalyaspor,hard,4-3-3,CATKIC;BARIS;TURAN;TUNCER;SEKMAN;DAGASAN;SERAS;INCEMAN;TITA;ATES;YILMAZ
Bursaspor vs. Antalyaspor - Friday April 8 - 2011,Bursaspor,hard,4-2-3-1,IVANKOV;AZIZ;OZTURK;SVENSSON;WEDERSON;KECELI;ERGIC;BATALLA;SEN;ALTIDORE;MILLER
Bucaspor vs. Kardemir Dc Karabukspor - Saturday April 9 - 2011,Bucaspor,hard,4-5-1,OZMEN;AK;COLGECEN;YANIK;LEKO;BASDAG;JEBRIN;TASKIRAN;KAYA;AYDIN;KUCIK
Bucaspor vs. Kardemir Dc Karabukspor - Saturday April 9 - 2011,Kardemir Dc Karabukspor,hard,4-5-1,TOMIC;BAL;DEUMI;SERIC;HIKMET;RAGUED;OZMERT;CERNAT;AVCI;ANGELOV;PARLAK
Eskisehirspor vs. Fenerbahce - Saturday April 9 - 2011,Eskisehirspor,hard,4-2-3-1,IVESA;COSKUN;DIEGO ANGELO;SARI;YAMAN;KAYA;OZTURK;POTUK;ZENGIN;ESER;KARADENIZ
Eskisehirspor vs. Fenerbahce - Saturday April 9 - 2011,Fenerbahce,easy,4-2-3-1,DEMIREL;YOBO;LUGANO;ERKIN;SANTOS;GONUL;BELOZOGLU;CRISTIAN;TOPUZ;ALEX;NIANG
Konyaspor vs. Manisaspor - Saturday April 9 - 2011,Konyaspor,hard,4-5-1,PAWELEK;MEJIA;SEDEF;ABBAS;DERE;ARSLAN;CAGIRAN;SAHIN;GRAJCIAR;EMRECIKSIN;ROBAK
Konyaspor vs. Manisaspor - Saturday April 9 - 2011,Manisaspor,hard,4-3-3,AVCIBAY;DIXON;KALABANE;AYDIN;COKMUS;INCEDEMIR;IWANSKI;GUVEN;SIMPSON;PROMISE;KAHE
Buyuksehir Belediyespor vs. Sivasspor - Sunday April 10 - 2011,Buyuksehir Belediyespor,hard,4-3-3,HASAGIC;ARAT;MARQUINHOS;EKSIOGLU;KUS;HASPOLATLI;HOLMEN;KAYALI;ALIN;KOSE;YILMAZ
Buyuksehir Belediyespor vs. Sivasspor - Sunday April 10 - 2011,Sivasspor,hard,4-4-2,CELIKAY;BAYRAK;NAVRATIL;YERLIKAYA;KAVUK;BEKMEZCI;NAS;KILIC;GROSICKI;PEDRIEL;YILDIZ
Galatasaray vs. Trabzonspor - Sunday April 10 - 2011,Galatasaray,easy,4-2-3-1,ZAPATA;CETIN;NEILL;ZAN;INSUA;SARIOGLU;CULIO;KURTULUS;AKMAN;TURAN;KAZIM-RICHARDS
Galatasaray vs. Trabzonspor - Sunday April 10 - 2011,Trabzonspor,easy,4-4-2,ZENGIN;GLOWACKI;KACAR;BROZEK;BALCI;COLMAN;INAN;ALANZINHO;YILMAZ;JAJA;BULUT
Gaziantepspor vs. Ankaragucu - Sunday April 10 - 2011,Ankaragucu,hard,4-5-1,ONGUN;TOSCALI;RAJNOCH;CEK;UCAR;DURUER;KOCAK;KAGAN SOYLEMEZGILLER;GABRIC;OZKAN;VITTEK
Gaziantepspor vs. Ankaragucu - Sunday April 10 - 2011,Gaziantepspor,hard,4-2-3-1,KARCEMARSKAS;AYHAN;NOUNKEU;SUME;CAN;GUCER;CEYLAN;WAGNER;POPOV;ADIN;TOSUN
Genclerbirligi vs. Kayserispor - Sunday April 10 - 2011,Genclerbirligi,hard,4-3-3,KARABULUT;DEMIR;KALKAN;OZSARAC;CAN;SAM;JEDINAK;DELIBALTA;ZEC;OZTEKIN;PEKTEMEK
Genclerbirligi vs. Kayserispor - Sunday April 10 - 2011,Kayserispor,hard,4-2-3-1,DEGIRMENCI;CAKIR;KESIMAL;TURACI;KALDIRIM;TEBER;OZCAL;DURAK;BILGIN;TROISI;AYDILEK
Kasimpasa vs. Besiktas - Monday April 11 - 2011,Besiktas,easy,4-4-2,GONEN;TORAMAN;SIVOK;HILBERT;ERNST;UYSAL;KOYBASI;SIMAO;QUARESMA;ALMEIDA;NOBRE
Kasimpasa vs. Besiktas - Monday April 11 - 2011,Kasimpasa,hard,4-5-1,KOCAOGLU;LUIZ HENRIQUE;ROBLEDO;ONER;TEBER;VARELA;KELLER;OZTURK;COLAK;KALA;MARTIN
Besiktas vs. Genclerbirligi - Friday April 15 - 2011,Besiktas,easy,4-5-1,RECBER;SIVOK;TORAMAN;HILBERT;UYSAL;ERNST;KOYBASI;FERNANDES;SIMAO;ALMEIDA;KAHVECI
Besiktas vs. Genclerbirligi - Friday April 15 - 2011,Genclerbirligi,hard,4-3-3,KARABULUT;DEMIR;OZSARAC;KALKAN;CAN;JEDINAK;AZOFEIFA;AKGUN;ZEC;CALIK;PEKTEMEK
Ankaragucu vs. Bucaspor - Saturday April 16 - 2011,Ankaragucu,hard,4-5-1,SENECKY;RAJNOCH;TOSCALI;CEK;UCAR;DURUER;KOCAK;KAGAN SOYLEMEZGILLER;GABRIC;SAHIN;VITTEK
Ankaragucu vs. Bucaspor - Saturday April 16 - 2011,Bucaspor,hard,4-5-1,OZMEN;AK;YANIK;BASDAG;TUNCER;LEKO;JEBRIN;TASKIRAN;KAYA;AYDIN;KUCIK
Fenerbahce vs. Gaziantepspor - Saturday April 16 - 2011,Fenerbahce,easy,4-2-3-1,DEMIREL;LUGANO;YOBO;SANTOS;ERKIN;GONUL;BELOZOGLU;CRISTIAN;TOPUZ;ALEX;NIANG
Fenerbahce vs. Gaziantepspor - Saturday April 16 - 2011,Gaziantepspor,hard,4-2-3-1,KARCEMARSKAS;GUNGOR;NOUNKEU;SUME;IVAN;GUCER;CEYLAN;WAGNER;POPOV;ADIN;TOSUN
Kardemir Dc Karabukspor vs. Buyuksehir Belediyespor - Saturday April 16 - 2011,Buyuksehir Belediyespor,hard,4-3-3,BAHADIR;MARQUINHOS;DEPE;EKSIOGLU;KUS;HASPOLATLI;TEKDEMIR;HOLMEN;AKIN;HOLOSKO;YILMAZ
Kardemir Dc Karabukspor vs. Buyuksehir Belediyespor - Saturday April 16 - 2011,Kardemir Dc Karabukspor,hard,4-5-1,TOMIC;DEUMI;OZDIN;SERIC;RAGUED;HIKMET;SOYLER;CERNAT;AVCI;EMENIKE;PARLAK
Antalyaspor vs. Eskisehirspor - Sunday April 17 - 2011,Antalyaspor,hard,4-3-3,CATKIC;BARIS;TURAN;OZKAYNAK;SEKMAN;DAGASAN;SERAS;INCEMAN;TITA;ZITOUNI;ATES
Antalyaspor vs. Eskisehirspor - Sunday April 17 - 2011,Eskisehirspor,hard,4-2-3-1,IVESA;NADAREVIC;SARI;YAMAN;ARSLAN;KAYA;PELE;POTUK;ZENGIN;ESER;KARADENIZ
Kayserispor vs. Konyaspor - Sunday April 17 - 2011,Kayserispor,hard,4-2-3-1,DEGIRMENCI;CAKIR;TURACI;KALDIRIM;SANTANA;TEBER;BILGIN;TROISI;ZIANI;BOYRAZ;KUJOVIC
Kayserispor vs. Konyaspor - Sunday April 17 - 2011,Konyaspor,hard,4-5-1,PAWELEK;MEJIA;ZAYATTE;SEDEF;DERE;ASLANTAS;ARSLAN;CAGIRAN;GUNGOR;EMRECIKSIN;ROBAK
Sivasspor vs. Kasimpasa - Sunday April 17 - 2011,Kasimpasa,hard,4-5-1,KOCAOGLU;LUIZ HENRIQUE;ROBLEDO;ONER;TEBER;TJIKUZU;KELLER;OZTURK;AYGUNES;COLAK;MARTIN
Sivasspor vs. Kasimpasa - Sunday April 17 - 2011,Sivasspor,hard,4-4-2,CELIKAY;BAYRAK;NAVRATIL;YERLIKAYA;KAVUK;BEKMEZCI;NAS;KILIC;GROSICKI;ENERAMO;PEDRIEL
Trabzonspor vs. Bursaspor - Sunday April 17 - 2011,Bursaspor,hard,4-2-3-1,IVANKOV;ERDOGAN;OZTURK;SVENSSON;WEDERSON;TANDOGAN;HAS;BATALLA;IPEK;SEN;MILLER
Trabzonspor vs. Bursaspor - Sunday April 17 - 2011,Trabzonspor,easy,4-2-3-1,ZENGIN;KACAR;KORKMAZ;CALE;BALCI;COLMAN;INAN;ALANZINHO;YILMAZ;JAJA;BULUT
Manisaspor vs. Galatasaray - Monday April 18 - 2011,Galatasaray,easy,4-2-3-1,ZAPATA;CETIN;ZAN;INSUA;SARIOGLU;SARP;CULIO;AKMAN;TURAN;YILMAZ;STANCU
Manisaspor vs. Galatasaray - Monday April 18 - 2011,Manisaspor,hard,4-3-3,AVCIBAY;DIXON;KALABANE;AYDIN;COKMUS;INCEDEMIR;GUVEN;IWANSKI;SIMPSON;PROMISE;MAKUKULA
Eskisehirspor vs. Trabzonspor - Friday April 22 - 2011,Eskisehirspor,hard,4-2-3-1,IVESA;NADAREVIC;SARI;YAMAN;ARSLAN;KAYA;PELE;OZTURK;POTUK;ESER;KARADENIZ
Eskisehirspor vs. Trabzonspor - Friday April 22 - 2011,Trabzonspor,easy,4-2-3-1,ZENGIN;KACAR;KORKMAZ;YUMLU;CALE;COLMAN;INAN;ALANZINHO;YILMAZ;BULUT;JAJA
Bursaspor vs. Manisaspor - Saturday April 23 - 2011,Bursaspor,hard,4-2-3-1,OZKAN;AZIZ;ERDOGAN;WEDERSON;TANDOGAN;KIRITA;HAS;BATALLA;SEN;YILDIRIM;MILLER
Bursaspor vs. Manisaspor - Saturday April 23 - 2011,Manisaspor,hard,4-3-3,AVCIBAY;DIXON;TOK;AYDIN;COKMUS;INCEDEMIR;GUVEN;YILMAZ;SIMPSON;PROMISE;KAHE
Galatasaray vs. Kayserispor - Saturday April 23 - 2011,Galatasaray,easy,4-3-3,ZAPATA;CETIN;ZAN;INSUA;SARIOGLU;SARP;AKMAN;CULIO;TURAN;YILMAZ;STANCU
Galatasaray vs. Kayserispor - Saturday April 23 - 2011,Kayserispor,hard,4-2-3-1,DEGIRMENCI;CAKIR;TURACI;KALDIRIM;YILMAZ;TEBER;SANTANA;DURAK;TROISI;ZIANI;AMRABAT
Kardemir Dc Karabukspor vs. Sivasspor - Saturday April 23 - 2011,Kardemir Dc Karabukspor,hard,4-3-3,TOMIC;DEUMI;OZDIN;SERIC;SOYLER;RAGUED;CERNAT;KOCABEY;AVCI;EMENIKE;PARLAK
Kardemir Dc Karabukspor vs. Sivasspor - Saturday April 23 - 2011,Sivasspor,hard,4-4-2,CELIKAY;BAYRAK;NAVRATIL;YERLIKAYA;KAVUK;BEKMEZCI;NAS;KILIC;GROSICKI;ENERAMO;YILDIZ
Bucaspor vs. Fenerbahce - Sunday April 24 - 2011,Bucaspor,hard,4-4-2,LONDAK;BAHTIYAROGLU;GURACAR;TUNCER;BASDAG;LEKO;JEBRIN;TASKIRAN;AYDIN;MENDY;OZGEN
Bucaspor vs. Fenerbahce - Sunday April 24 - 2011,Fenerbahce,easy,4-2-3-1,DEMIREL;LUGANO;YOBO;SANTOS;ERKIN;GONUL;BELOZOGLU;CRISTIAN;TOPUZ;ALEX;SENTURK
Buyuksehir Belediyespor vs. Ankaragucu - Sunday April 24 - 2011,Ankaragucu,hard,4-4-2,SENECKY;RAJNOCH;KURT;UCAR;KOCAK;KAGAN SOYLEMEZGILLER;DURUER;GABRIC;SAHIN;KELES;TEKKE
Buyuksehir Belediyespor vs. Ankaragucu - Sunday April 24 - 2011,Buyuksehir Belediyespor,hard,4-2-3-1,BAHADIR;ARAT;DEPE;SUZEN;KUS;INANC;KAYALI;KORKMAZ;GUZELDAL;ALIN;KOSE
Gaziantepspor vs. Antalyaspor - Sunday April 24 - 2011,Antalyaspor,hard,4-3-3,CATKIC;BARIS;TURAN;TUNCER;AGCAY;DAGASAN;SERAS;INCEMAN;OZER;ZITOUNI;ATES
Gaziantepspor vs. Antalyaspor - Sunday April 24 - 2011,Gaziantepspor,hard,4-2-3-1,KARCEMARSKAS;AYHAN;SUME;CAN;IVAN;KURTULUS;CEYLAN;ZURITA;WAGNER;ADIN;TOSUN
Genclerbirligi vs. Kasimpasa - Sunday April 24 - 2011,Genclerbirligi,hard,4-2-3-1,KARABULUT;BOZ;DEMIR;CAN;SAM;AZOFEIFA;JEDINAK;AKGUN;MERIC;CALIK;MUNUNGA
Genclerbirligi vs. Kasimpasa - Sunday April 24 - 2011,Kasimpasa,hard,4-5-1,KOCAOGLU;ROBLEDO;ONER;BASDAS;TEBER;TJIKUZU;KELLER;OZTURK;AYGUNES;COLAK;MARTIN
Konyaspor vs. Besiktas - Monday April 25 - 2011,Besiktas,easy,4-5-1,GONEN;SIVOK;TORAMAN;DAG;ERNST;UYSAL;KOYBASI;FERNANDES;SIMAO;QUARESMA;NOBRE
Konyaspor vs. Besiktas - Monday April 25 - 2011,Konyaspor,hard,4-3-3,PAWELEK;MEJIA;ZAYATTE;SEDEF;DERE;ASLANTAS;CAGIRAN;ARSLAN;GUNGOR;EMRECIKSIN;ROBAK
Sivasspor vs. Genclerbirligi - Friday April 29 - 2011,Genclerbirligi,hard,4-2-3-1,KARABULUT;BALAK;BOZ;DEMIR;SAM;CAN;AZOFEIFA;DELIBALTA;MERIC;CALIK;PEKTEMEK
Sivasspor vs. Genclerbirligi - Friday April 29 - 2011,Sivasspor,hard,4-4-2,CELIKAY;IVANOVS;NAVRATIL;YERLIKAYA;KAVUK;BEKMEZCI;NAS;KILIC;GROSICKI;ENERAMO;PEDRIEL
Antalyaspor vs. Bucaspor - Saturday April 30 - 2011,Antalyaspor,hard,4-3-3,CATKIC;BARIS;TURAN;TUNCER;SEKMAN;AGCAY;DAGASAN;INCEMAN;TITA;ATES;YILMAZ
Antalyaspor vs. Bucaspor - Saturday April 30 - 2011,Bucaspor,hard,4-4-2,KAHVECI;BAHTIYAROGLU;GURACAR;YANIK;TUNCER;BASDAG;JEBRIN;AYDIN;KUCIK;MENDY;OZGEN
Besiktas vs. Galatasaray - Saturday April 30 - 2011,Besiktas,easy,4-2-3-1,RECBER;SIVOK;TORAMAN;DAG;MEHMET AURELIO;GUTI;KOYBASI;FERNANDES;SIMAO;QUARESMA;BOBO
Besiktas vs. Galatasaray - Saturday April 30 - 2011,Galatasaray,easy,4-3-3,ERCETIN;ZAN;CETIN;BIRINCI;KURTULUS;SARP;AKMAN;CULIO;TURAN;KAZIM-RICHARDS;BAROS
Kasimpasa vs. Konyaspor - Saturday April 30 - 2011,Kasimpasa,hard,4-4-2,KOCAOGLU;LUIZ HENRIQUE;ROBLEDO;TEBER;OCAL;KELLER;SARMOV;COLAK;DIMITROV;GULEC;MARTIN
Kasimpasa vs. Konyaspor - Saturday April 30 - 2011,Konyaspor,hard,4-5-1,PAWELEK;MEJIA;ZAYATTE;SEDEF;DERE;ASLANTAS;CAGIRAN;ARSLAN;GUNGOR;EMRECIKSIN;ROBAK
Fenerbahce vs. Buyuksehir Belediyespor - Sunday May 1 - 2011,Buyuksehir Belediyespor,hard,4-3-3,BAHADIR;ARAT;DEPE;EKSIOGLU;SAHIN;HASPOLATLI;TEKDEMIR;HOLMEN;AKIN;HOLOSKO;TUM
Fenerbahce vs. Buyuksehir Belediyespor - Sunday May 1 - 2011,Fenerbahce,easy,4-2-3-1,DEMIREL;YOBO;LUGANO;SANTOS;GONUL;BELOZOGLU;CRISTIAN;TOPUZ;ALEX;STOCH;SENTURK
Kayserispor vs. Bursaspor - Sunday May 1 - 2011,Bursaspor,hard,4-2-3-1,OZKAN;AZIZ;ERDOGAN;WEDERSON;TANDOGAN;KIRITA;HAS;BATALLA;IPEK;SEN;MILLER
Kayserispor vs. Bursaspor - Sunday May 1 - 2011,Kayserispor,hard,4-2-3-1,DEGIRMENCI;CAKIR;KESIMAL;KALDIRIM;YILMAZ;TEBER;SANTANA;DURAK;BILGIN;ZIANI;AMRABAT
Manisaspor vs. Eskisehirspor - Sunday May 1 - 2011,Eskisehirspor,hard,4-2-3-1,IVESA;NADAREVIC;SARI;YAMAN;ARSLAN;PELE;KAYA;OZTURK;OZBAYRAKTAR;ESER;KARADENIZ
Manisaspor vs. Eskisehirspor - Sunday May 1 - 2011,Manisaspor,hard,4-3-3,AVCIBAY;DIXON;TOK;AYDIN;COKMUS;ERDOGAN;GUVEN;YILMAZ;SIMPSON;GOKOGLAN;KAHE
Trabzonspor vs. Gaziantepspor - Sunday May 1 - 2011,Gaziantepspor,hard,4-2-3-1,KARCEMARSKAS;GUNGOR;NOUNKEU;IVAN;KURTULUS;GUCER;CEYLAN;WAGNER;ADIN;SOSA;TOSUN
Trabzonspor vs. Gaziantepspor - Sunday May 1 - 2011,Trabzonspor,easy,4-4-2,ZENGIN;GLOWACKI;KACAR;KORKMAZ;BALCI;COLMAN;INAN;YILMAZ;JAJA;BROZEK;BULUT
Ankaragucu vs. Kardemir Dc Karabukspor - Monday May 2 - 2011,Ankaragucu,hard,4-4-2,SENECKY;RAJNOCH;TOSCALI;UCAR;DURUER;KOCAK;KAGAN SOYLEMEZGILLER;GABRIC;SAHIN;BEDNAR;TEKKE
Ankaragucu vs. Kardemir Dc Karabukspor - Monday May 2 - 2011,Kardemir Dc Karabukspor,hard,4-3-3,TOMIC;DEUMI;OZDIN;SELVI;ZENGIN;SOYLER;RAGUED;CERNAT;AVCI;EMENIKE;PARLAK
Eskisehirspor vs. Kayserispor - Friday May 6 - 2011,Eskisehirspor,hard,4-2-3-1,IVESA;NADAREVIC;SARI;YAMAN;ARSLAN;PELE;KAYA;POTUK;ZENGIN;OZBAYRAKTAR;KARAN
Eskisehirspor vs. Kayserispor - Friday May 6 - 2011,Kayserispor,hard,4-2-3-1,DEGIRMENCI;CAKIR;KESIMAL;TURACI;KALDIRIM;DURAK;BILGIN;TROISI;BOYRAZ;AMRABAT;SISMANOGLU
Buyuksehir Belediyespor vs. Antalyaspor - Saturday May 7 - 2011,Antalyaspor,hard,4-3-3,CATKIC;RADELJIC;TURAN;OZKAYNAK;SEKMAN;DAGASAN;SERAS;INCEMAN;TITA;CIHAN;ATES
Buyuksehir Belediyespor vs. Antalyaspor - Saturday May 7 - 2011,Buyuksehir Belediyespor,hard,4-3-3,ZULALOGLU;AKYUZ;SUZEN;KUS;SAHIN;INANC;KORKMAZ;KAYALI;GUZELDAL;HOLOSKO;UNAL
Gaziantepspor vs. Manisaspor - Saturday May 7 - 2011,Gaziantepspor,hard,4-2-3-1,KARCEMARSKAS;AYHAN;GUNGOR;IVAN;KURTULUS;GUCER;CEYLAN;WAGNER;ADIN;SOSA;TOSUN
Gaziantepspor vs. Manisaspor - Saturday May 7 - 2011,Manisaspor,hard,4-3-3,AVCIBAY;DIXON;TOK;AYDIN;COKMUS;ERDOGAN;GUVEN;YILMAZ;SIMPSON;GOKOGLAN;KAHE
Bucaspor vs. Trabzonspor - Sunday May 8 - 2011,Bucaspor,hard,4-2-3-1,KAHVECI;GURACAR;COREKCI;BASDAG;TUNCER;LEKO;JEBRIN;AYDIN;KUCIK;MENDY;OZGEN
Bucaspor vs. Trabzonspor - Sunday May 8 - 2011,Trabzonspor,easy,4-4-2,ZENGIN;GLOWACKI;KACAR;KORKMAZ;BALCI;COLMAN;INAN;YILMAZ;JAJA;BROZEK;BULUT
Genclerbirligi vs. Konyaspor - Sunday May 8 - 2011,Genclerbirligi,hard,4-2-3-1,KARABULUT;DEMIR;BOZ;KALKAN;SAM;CAN;AZOFEIFA;DELIBALTA;ZEC;MERIC;OZTEKIN
Genclerbirligi vs. Konyaspor - Sunday May 8 - 2011,Konyaspor,hard,4-5-1,PAWELEK;SEDEF;KERE;ZAYATTE;DERE;ASLANTAS;GUNGOR;CAGIRAN;ARSLAN;EMRECIKSIN;ROBAK
Kardemir Dc Karabukspor vs. Fenerbahce - Sunday May 8 - 2011,Fenerbahce,easy,4-2-3-1,DEMIREL;LUGANO;YOBO;SANTOS;GONUL;SAHIN;BELOZOGLU;TOPUZ;ALEX;STOCH;NIANG
Kardemir Dc Karabukspor vs. Fenerbahce - Sunday May 8 - 2011,Kardemir Dc Karabukspor,hard,4-2-3-1,TOMIC;DEUMI;OZDIN;SERIC;ZENGIN;SOYLER;RAGUED;CERNAT;AVCI;ANGELOV;PARLAK
Sivasspor vs. Ankaragucu - Sunday May 8 - 2011,Ankaragucu,hard,4-4-2,SENECKY;TOSCALI;UCAR;KOCAK;SOZEN;DURUER;VAROL;GABRIC;SAHIN;TEKKE;VITTEK
Sivasspor vs. Ankaragucu - Sunday May 8 - 2011,Sivasspor,hard,4-4-2,CELIKAY;BAYRAK;NAVRATIL;YERLIKAYA;KAVUK;BEKMEZCI;NAS;KILIC;YILMAZ;PEDRIEL;YILDIZ
Galatasaray vs. Kasimpasa - Monday May 9 - 2011,Galatasaray,easy,4-2-3-1,ERCETIN;BIRINCI;CETIN;ZAN;SARIOGLU;CULIO;KURTULUS;AKMAN;COLAK;KAZIM-RICHARDS;STANCU
Galatasaray vs. Kasimpasa - Monday May 9 - 2011,Kasimpasa,hard,4-4-2,KOCAOGLU;LUIZ HENRIQUE;ROBLEDO;TEBER;OCAL;SARMOV;OZTURK;AYGUNES;COLAK;DIMITROV;MARTIN
Antalyaspor vs. Kardemir Dc Karabukspor - Friday May 13 - 2011,Antalyaspor,hard,4-3-3,NDJOCK;BARIS;TURAN;TUNCER;DAGASAN;SERAS;AGCAY;INCEMAN;TITA;ZITOUNI;ATES
Antalyaspor vs. Kardemir Dc Karabukspor - Friday May 13 - 2011,Kardemir Dc Karabukspor,hard,4-5-1,TOMIC;DEUMI;OZDIN;SERIC;ZENGIN;HIKMET;RAGUED;OZMERT;CERNAT;ANGELOV;PARLAK
Genclerbirligi vs. Galatasaray - Saturday May 14 - 2011,Galatasaray,easy,4-2-3-1,CEYLAN;CETIN;ZAN;INSUA;SARIOGLU;CULIO;KURTULUS;COLAK;KEWELL;KAZIM-RICHARDS;STANCU
Genclerbirligi vs. Galatasaray - Saturday May 14 - 2011,Genclerbirligi,hard,4-2-3-1,KARABULUT;DEMIR;KULUSIC;KALKAN;SAM;AYGUN;JEDINAK;AKGUN;DELIBALTA;MERIC;OZTEKIN
Konyaspor vs. Sivasspor - Saturday May 14 - 2011,Konyaspor,hard,4-5-1,PAWELEK;MEJIA;ZAYATTE;SEDEF;DERE;ASLANTAS;ARSLAN;CAGIRAN;GRAJCIAR;EMRECIKSIN;ROBAK
Konyaspor vs. Sivasspor - Saturday May 14 - 2011,Sivasspor,hard,4-4-2,SEKER;BAYRAK;NAVRATIL;RADA;ERDAL;DERELI;YILMAZ;GROSICKI;MENDONCA;ENERAMO;YILDIZ
Manisaspor vs. Bucaspor - Saturday May 14 - 2011,Bucaspor,hard,4-2-3-1,KAHVECI;GURACAR;COREKCI;BASDAG;TUNCER;JEBRIN;CEVIK;AYDIN;KUCIK;MENDY;OZGEN
Manisaspor vs. Bucaspor - Saturday May 14 - 2011,Manisaspor,hard,4-4-2,AVCIBAY;DIXON;KALABANE;AYDIN;BARIS;YILMAZ;ERDOGAN;SIMPSON;GOKOGLAN;PROMISE;MANUCHO
Fenerbahce vs. Ankaragucu - Sunday May 15 - 2011,Ankaragucu,hard,4-3-3,SENECKY;RAJNOCH;TOSCALI;CEK;UCAR;KAGAN SOYLEMEZGILLER;KOCAK;DURUER;SESTAK;TEKKE;VITTEK
Fenerbahce vs. Ankaragucu - Sunday May 15 - 2011,Fenerbahce,easy,4-2-3-1,DEMIREL;LUGANO;YOBO;SANTOS;GONUL;SAHIN;BELOZOGLU;TOPUZ;ALEX;STOCH;NIANG
Kasimpasa vs. Bursaspor - Sunday May 15 - 2011,Bursaspor,hard,4-4-2,OZKAN;AZIZ;OZTURK;WEDERSON;TANDOGAN;KIRITA;HAS;IPEK;SEN;BAHADIR;MILLER
Kasimpasa vs. Bursaspor - Sunday May 15 - 2011,Kasimpasa,hard,4-4-2,KOCAOGLU;ONER;ROBLEDO;ACIL;TEBER;TJIKUZU;COLAK;AYGUNES;DIMITROV;AYDIN;ANWULI
Kayserispor vs. Gaziantepspor - Sunday May 15 - 2011,Gaziantepspor,hard,4-2-3-1,BIRNICAN;GUNGOR;NOUNKEU;IVAN;KURTULUS;CEYLAN;ZURITA;WAGNER;POPOV;ADIN;TOSUN
Kayserispor vs. Gaziantepspor - Sunday May 15 - 2011,Kayserispor,hard,4-4-2,DEGIRMENCI;CAKIR;KESIMAL;TURACI;DURAK;TEBER;ZIANI;TROISI;AMRABAT;AYDILEK;SISMANOGLU
Trabzonspor vs. Buyuksehir Belediyespor - Sunday May 15 - 2011,Buyuksehir Belediyespor,hard,4-2-3-1,BAHADIR;ARAT;DEPE;SUZEN;SAHIN;TEKDEMIR;INANC;HOLMEN;AKIN;HOLOSKO;TUM
Trabzonspor vs. Buyuksehir Belediyespor - Sunday May 15 - 2011,Trabzonspor,easy,4-4-2,ZENGIN;KACAR;KORKMAZ;YUMLU;BALCI;COLMAN;INAN;YILMAZ;JAJA;BROZEK;BULUT
Besiktas vs. Eskisehirspor - Monday May 16 - 2011,Besiktas,easy,4-2-3-1,GONEN;NUKAN;SIVOK;SIMSEK;DAG;UYSAL;GUTI;FERNANDES;SIMAO;QUARESMA;ALMEIDA
Besiktas vs. Eskisehirspor - Monday May 16 - 2011,Eskisehirspor,hard,4-2-3-1,IVESA;COSKUN;NADAREVIC;SARI;ARSLAN;KAYA;PELE;OZTURK;POTUK;ZENGIN;OZBAYRAKTAR
Buyuksehir Belediyespor vs. Manisaspor - Friday May 20 - 2011,Buyuksehir Belediyespor,hard,4-3-3,ZULALOGLU;AKYUZ;ARAT;EKSIOGLU;KUS;TEKDEMIR;HASPOLATLI;HOLMEN;HOLOSKO;ALIN;KOSE
Buyuksehir Belediyespor vs. Manisaspor - Friday May 20 - 2011,Manisaspor,hard,4-3-3,AVCIBAY;DIXON;TOK;BARIS;INCEDEMIR;ERDOGAN;GUVEN;YILMAZ;SIMPSON;GOKOGLAN;KAHE
Galatasaray vs. Konyaspor - Friday May 20 - 2011,Galatasaray,easy,4-4-2,CEYLAN;BIRINCI;CETIN;ZAN;SARIOGLU;CULIO;KURTULUS;COLAK;KEWELL;YILMAZ;KAZIM-RICHARDS
Galatasaray vs. Konyaspor - Friday May 20 - 2011,Konyaspor,hard,4-3-3,PAWELEK;KERE;MEJIA;SEDEF;DERE;ASLANTAS;GUNGOR;ARSLAN;CAGIRAN;EMRECIKSIN;ROBAK
Ankaragucu vs. Antalyaspor - Saturday May 21 - 2011,Ankaragucu,hard,4-3-3,OLGUN;RAJNOCH;TOSCALI;CEK;UCAR;KOCAK;KAGAN SOYLEMEZGILLER;DURUER;GABRIC;SESTAK;VITTEK
Ankaragucu vs. Antalyaspor - Saturday May 21 - 2011,Antalyaspor,hard,4-3-3,NDJOCK;RADELJIC;TURAN;TUNCER;SEKMAN;SERAS;DAGASAN;ATALAY;TITA;ATES;YILMAZ
Bucaspor vs. Kayserispor - Saturday May 21 - 2011,Bucaspor,hard,4-4-2,KAHVECI;COREKCI;LEKO;TUNCER;INCEBACAK;JEBRIN;CEVIK;AYDIN;KUCIK;MENDY;OZGEN
Bucaspor vs. Kayserispor - Saturday May 21 - 2011,Kayserispor,hard,4-4-2,DEGIRMENCI;CAKIR;KESIMAL;TURACI;KALDIRIM;DURAK;SANTANA;TROISI;BOYRAZ;AYDILEK;SISMANOGLU
Bursaspor vs. Genclerbirligi - Saturday May 21 - 2011,Bursaspor,hard,4-4-2,OZKAN;AZIZ;OZTURK;WEDERSON;TANDOGAN;KIRITA;HAS;IPEK;SEN;ALTIDORE;BAHADIR
Bursaspor vs. Genclerbirligi - Saturday May 21 - 2011,Genclerbirligi,hard,4-2-3-1,KOSE;CURRI;DEMIR;OZSARAC;SAM;AYGUN;AZOFEIFA;AKGUN;ZEC;MERIC;OZTEKIN
Gaziantepspor vs. Besiktas - Saturday May 21 - 2011,Besiktas,easy,4-2-3-1,ARIKAN;NUKAN;GUVEN;SIMSEK;DAG;HILBERT;MEHMET AURELIO;UYSAL;BAYRAMOGLU;KOYBASI;BOBO
Gaziantepspor vs. Besiktas - Saturday May 21 - 2011,Gaziantepspor,hard,4-2-3-1,BIRNICAN;GUNGOR;NOUNKEU;IVAN;KURTULUS;GULLE;ZURITA;WAGNER;POPOV;ADIN;SOSA
Eskisehirspor vs. Kasimpasa - Sunday May 22 - 2011,Eskisehirspor,hard,4-2-3-1,KOCA;COSKUN;DIEGO ANGELO;SARI;ARSLAN;ERTUGRUL;POTUK;TELLO;ZENGIN;OZBAYRAKTAR;ESER
Eskisehirspor vs. Kasimpasa - Sunday May 22 - 2011,Kasimpasa,hard,4-2-3-1,KOCAOGLU;LUIZ HENRIQUE;ONER;ROBLEDO;TEBER;TJIKUZU;OZTURK;ENGIN;COLAK;KALA;MARTIN
Kardemir Dc Karabukspor vs. Trabzonspor - Sunday May 22 - 2011,Kardemir Dc Karabukspor,hard,4-2-3-1,TOMIC;DEUMI;OZDIN;SERIC;COELHO;ZENGIN;SOYLER;RAGUED;OZMERT;CERNAT;PARLAK
Kardemir Dc Karabukspor vs. Trabzonspor - Sunday May 22 - 2011,Trabzonspor,easy,4-2-3-1,ZENGIN;KACAR;KORKMAZ;BROZEK;BALCI;COLMAN;INAN;ALANZINHO;JAJA;BROZEK;BULUT
Sivasspor vs. Fenerbahce - Sunday May 22 - 2011,Fenerbahce,easy,4-2-3-1,DEMIREL;LUGANO;YOBO;SANTOS;GONUL;SAHIN;BELOZOGLU;TOPUZ;ALEX;STOCH;NIANG
Sivasspor vs. Fenerbahce - Sunday May 22 - 2011,Sivasspor,hard,4-2-3-1,CELIKAY;BAYRAK;NAVRATIL;YERLIKAYA;KAVUK;BEKMEZCI;NAS;KILIC;GROSICKI;ENERAMO;PEDRIEL
